sample_id,scenario,true_mode,estimated_mode,ESS,true_P,est_P,ci95_low_P,ci95_high_P,true_M,est_M,ci95_low_M,ci95_high_M,true_V,est_V,ci95_low_V,ci95_high_V,true_C,est_C,ci95_low_C,ci95_high_C,true_E,est_E,ci95_low_E,ci95_high_E,true_F,est_F,ci95_low_F,ci95_high_F,true_R,est_R
1,cozy-normal-year,Normal,Normal,5048.9178610044955,0.78,0.6573665884057762,0.4395593875067909,0.8703528635269213,0.68,0.5964866488756048,0.38432471318502226,0.8081664794681318,0.88,0.806289254143038,0.635788541884239,0.9777399484034893,0.7,0.5943321350382103,0.359287799499187,0.828006297670862,0.36,0.2822063729549394,0.051781372382016355,0.5179161606076672,0.14,0.20718229853644665,0.05339153056474452,0.3632002322850558,0.724,0.6341231117380608
2,cozy-normal-year,Busy,Busy,303.2182310261381,0.7787329168610998,0.6476396365105561,0.45032844521874027,0.8469854438813713,0.6720575061565991,0.6574049578655058,0.4750057581611428,0.8435846008177795,0.88282527235264,0.8368359077458384,0.6677263175069585,0.99,0.6979616864142086,0.6343711064951704,0.40517914031723606,0.8533919576092714,0.34107281234841175,0.3053068043828315,0.07303636072308564,0.5233408058397098,0.14478761339169036,0.17270562355158373,0.038945783328865016,0.31924041053088825,0.7194644738901054,0.6661061187536246
3,cozy-normal-year,Normal,Normal,2707.5352033900404,0.7817240500379742,0.6304491808750706,0.4379006745866168,0.8228270310488374,0.671901356683875,0.6412315429836911,0.4698274777221009,0.8256494324902511,0.8881656368669495,0.8286750708114038,0.6672029281664567,0.980801399435379,0.6978595113216406,0.6271871098175039,0.40328418614751793,0.8510336973973703,0.3425284158335571,0.32232133814263597,0.09100978202367166,0.5424604210992681,0.13634898922397407,0.1778765847204217,0.04185768314941195,0.32184925576517187,0.7220195441819504,0.6575413787601647
4,cozy-normal-year,Normal,Normal,1554.9005461921995,0.7780382852369264,0.6078942466200802,0.44535107491090287,0.7732832467411956,0.6845448315696703,0.6915745858209901,0.5225089722721512,0.8874206079905462,0.8900272418714317,0.8491523708258053,0.6871541306220934,0.9830410654560644,0.697138909649951,0.672930115561745,0.45931321707480566,0.881185000646897,0.32236367025460294,0.3783464709993227,0.13611859546466146,0.5782876031193067,0.15416653601708435,0.14906142024100094,0.024128834676518954,0.3137280049280846,0.7207741232796406,0.6865258732877275
5,cozy-normal-year,Normal,Normal,5062.924672725124,0.7733062080519856,0.5897389521641297,0.4292818341638489,0.7523941582728,0.6785500546953297,0.6868953742199579,0.5276484720836677,0.8763384441750374,0.8962649081661642,0.8492339440350525,0.6929067922417725,0.9817653221206034,0.690913904088522,0.6759150839898486,0.46078680090400265,0.8815388628484468,0.3155798841084216,0.38132843813655476,0.15353953871122034,0.5743940541886174,0.13766661286405557,0.15238272688826882,0.027391353215587864,0.30789989617681857,0.7195789633761072,0.6825779126961133
6,cozy-normal-year,Normal,Normal,3708.8401286030057,0.7696030243621559,0.5967997366084592,0.44791996560495745,0.7531044263931022,0.7132051523059811,0.6950121736482572,0.5397035665423757,0.8759612598820664,0.8968553462942374,0.8470320825845081,0.6977976079047877,0.9775280347049823,0.6933693106880153,0.6730274844180424,0.4564023790296463,0.8806342031014004,0.341021509406039,0.38134217268697,0.15630212658625683,0.567296549727639,0.14967628351962448,0.15212913549560006,0.03022974850890735,0.30366692879348545,0.7296847291133152,0.6850025354713821
7,cozy-normal-year,Normal,Normal,2660.7051185974474,0.7337715583880084,0.6081461035575655,0.46168855645256407,0.7622687511019927,0.7291709596178405,0.6907715144103225,0.5401960135323371,0.8510386022638925,0.9058666868515546,0.8371043320965824,0.6940853241200434,0.9717823812004623,0.6929689693797255,0.6644201125984825,0.45326779136372625,0.8812210631856279,0.33979476752142673,0.39258901574758326,0.1846445674075287,0.577343268225489,0.15136085543067734,0.15632063608914448,0.03529257126094086,0.29900862255097466,0.7286613317696579,0.6834399898013358
8,cozy-normal-year,Normal,Normal,4682.430348313762,0.7105422335475623,0.6128045230798428,0.47213821158059077,0.7577702775003932,0.7247930742061368,0.7034148277554426,0.5584477808905001,0.8610010480219092,0.9132489606243214,0.8463193734474412,0.7034718864018443,0.9733925468912292,0.6903178681145108,0.6678941626061649,0.45326458975604095,0.8803008686397413,0.3236358700827228,0.3953609516902324,0.1838229904753805,0.5789172307990067,0.14720988273332872,0.14753129549312097,0.03158508961049069,0.29237486562926873,0.7230754790490481,0.6910220369363205
9,cozy-normal-year,Normal,Normal,3407.8783891641147,0.7093159288757641,0.6478534307278244,0.5025061184473151,0.7889063624659063,0.7063376844573795,0.7049351852216981,0.566088071244636,0.8506443454568233,0.905054884733919,0.8391752075945387,0.6977333755101987,0.9665563352546686,0.6913245374349574,0.6532231609348982,0.44456987933590175,0.8720389453543126,0.35466381818406956,0.3814241016094602,0.17392468082795215,0.5665873519712546,0.1594476956264297,0.14668471280627138,0.03584042487754709,0.2812076630260287,0.7189524416859642,0.6924863410013379
10,cozy-normal-year,Normal,Normal,2686.5695223086245,0.7107435058557539,0.6502339580012821,0.5079945373686501,0.7884542700890588,0.7185009875929403,0.7087487370967698,0.5759843034673223,0.8434125192309557,0.9076221632342646,0.8364877695330922,0.6988599548428379,0.9652235100691167,0.68460175903382,0.6471800832014665,0.4426861169347521,0.8583854406441009,0.3691128868823687,0.38001023781087473,0.18708022823311912,0.5628409398725729,0.17780621305525235,0.14728884242065995,0.037552284271797555,0.27622002639196913,0.7214415882960701,0.6921479058504065
11,cozy-normal-year,Recovery,Normal,3438.739206008057,0.7144861329120064,0.6387694497284202,0.5015629647326859,0.7759772887987797,0.73029644021205,0.7040370794105182,0.5738326812220496,0.8395995765006131,0.9254439612264006,0.8400065204328364,0.710959313305791,0.9656562408506789,0.6853395893829977,0.6520088915583705,0.4459352649995104,0.8696142204790663,0.37144307781214303,0.399760562804697,0.20960629401800285,0.5754507262141715,0.17044787227170483,0.14874600433785815,0.040977692045931755,0.28195204166322957,0.7297386918558986,0.6924095590143827
12,cozy-normal-year,Normal,Normal,2795.5163954105797,0.7046410440599489,0.6573779436539862,0.5213129418973651,0.7923211921221412,0.7345954696368177,0.7134140092907171,0.5868369243621457,0.8466897657080278,0.9219680905956861,0.8429700811733998,0.7153211620900308,0.9670700667099366,0.6847975907954823,0.6523315854665279,0.44457669795869903,0.8664020281043097,0.3722798374680158,0.4005005788538926,0.21292116509367295,0.5837564341944133,0.17905818985395844,0.14366198953052492,0.03357944752450865,0.2692365203954549,0.7274904511224956,0.6993374668105969
13,cozy-normal-year,Normal,Normal,1501.36644897825,0.7089419062310696,0.6720424080196028,0.5388238351612091,0.8023693846585379,0.7152716512964369,0.706315476549066,0.5726466101291785,0.8362406436783522,0.9200934820183281,0.8376739227808496,0.7137646127818505,0.9674272759525875,0.6795376310296184,0.6504264483557902,0.4418268179478266,0.8678545618583859,0.3389454146535649,0.40584915630627055,0.20991853966247065,0.5875425285032596,0.20130875936860118,0.1420635057821873,0.03725145371059066,0.25514202745707365,0.7163252929891384,0.6995865754893624
14,cozy-normal-year,Normal,Normal,4940.874441479977,0.7170336623727963,0.66352881786398,0.5377549683691611,0.791032780655293,0.7137856505537585,0.6951797983843004,0.5621594545043027,0.8244484891906025,0.9084853471803714,0.8410428613295017,0.7222248660015456,0.9655416338843354,0.682162051678668,0.6469280215115707,0.44168462431271516,0.8640147349494307,0.3371581181281134,0.41468850386876327,0.22997016462519956,0.5878794543760646,0.1843083393592403,0.14116972628818367,0.038600432659391455,0.25020169870221376,0.7170120286283727,0.6964459553160889
15,cozy-normal-year,Busy,Busy,813.9242201716042,0.7174327380290928,0.6628958541381673,0.5372628853567266,0.7937028415023147,0.7184547939780485,0.6842521613771071,0.5435974842334632,0.8140903936509483,0.891267784212384,0.8437811877222637,0.7222280563761521,0.9657727710520796,0.6839181752676151,0.6449507529552556,0.4428145299040389,0.8576633232525523,0.31300772028544516,0.4029670112173032,0.2297156103039913,0.5560938087008619,0.21038158893930511,0.14830092062686853,0.045396349119165486,0.2654876557372004,0.7098247465625125,0.6918289312776571
16,cozy-normal-year,Busy,Busy,2483.7369257719693,0.7161777054195979,0.6652571704472062,0.5440380437328488,0.7872502237146721,0.7088830314806676,0.6675934531049734,0.5314192885908496,0.7944936920772491,0.8847021018548762,0.8440727781874052,0.7220867009122988,0.9640202289211405,0.6879596191645444,0.6341011299141652,0.43453438015628554,0.8527629696978365,0.31045807861394015,0.3906543949776407,0.21643724325663427,0.5408636039032578,0.22635026948637485,0.15614967172918032,0.0525455727893587,0.2689834696334087,0.7046620659818927,0.6842724066551105
17,cozy-normal-year,Normal,Busy,3754.995200905313,0.7216850740085147,0.6609416436414055,0.5418174995292159,0.7806681469161734,0.6931868692507077,0.6616670718417837,0.5211169679114426,0.789940563611039,0.8812224578594675,0.8465065372391486,0.7271697305788406,0.962654225849602,0.6870136756605406,0.6234542736456881,0.42770991810673026,0.8303967425748212,0.3040750618428827,0.3871132126171127,0.21655178355602994,0.5412106329746289,0.20377783383786863,0.1616235901127408,0.06245606557258547,0.2699003418995776,0.7024371837307198,0.679860349423647
18,cozy-normal-year,Normal,Normal,2045.938129908103,0.6916723593365098,0.666286295400549,0.5474351688490913,0.7856467955678651,0.6866795134255944,0.67363430377718,0.5379035236805251,0.8052655727578751,0.8807498503459358,0.8483496720695647,0.7339726318275889,0.9657630531599138,0.6859281654314994,0.6281340546491089,0.431158853363773,0.8446876698694611,0.30006960643646297,0.3881669567215783,0.22549774378642257,0.548919936222857,0.1981298931673806,0.15349461921701815,0.056994453443435726,0.2563626690830894,0.6952640469664703,0.6858603955918361
19,cozy-normal-year,Busy,Busy,787.2695952177569,0.7248044619922732,0.6673490177591765,0.5548424729926899,0.7977256062841779,0.6846705918796232,0.6707657477296399,0.5406427875276337,0.8007458916069059,0.8851302556321681,0.8486166810308667,0.7405672916307263,0.9715454629614984,0.6829708794292159,0.6289195960351766,0.433367175051341,0.8417560342865578,0.3166566073613678,0.37803369484831095,0.2198911177142304,0.5408501721804692,0.177406517596717,0.15716961325088002,0.054645676460263526,0.2522559295311717,0.705025418013702,0.6840314768090896
20,cozy-normal-year,Normal,Busy,3406.4712337454744,0.737883930231457,0.6616307161097439,0.54717811571989,0.7845357973967784,0.6991106268977497,0.669929756458117,0.5434329599714739,0.7964612357880788,0.8815643465788225,0.850744869716884,0.74677633002026,0.9732298628035541,0.6841071881799152,0.6343917225515031,0.4385185978864376,0.8466487124172041,0.34549649418295286,0.3789963267469895,0.21874019945253648,0.5426792763781696,0.16467956362166727,0.1613786859923567,0.06509564823279582,0.25602382890430836,0.7149034415886087,0.6837793449088336
21,cozy-normal-year,Recovery,Recovery,360.1820237504413,0.7331212760025262,0.6761350217062798,0.5536934145656071,0.8046253040902537,0.7055229915144127,0.6931339115933963,0.5720149378834206,0.8155409684786092,0.9005898850478363,0.8597449890292357,0.7559136022412846,0.971609541473019,0.6799372860719549,0.6506809764413841,0.46902295326225213,0.8635711857731596,0.3602695068593297,0.3835075082270632,0.23873534036489572,0.5577260996141205,0.15493733323220585,0.14906934393785118,0.057510408665378765,0.2317474478611301,0.7213864327714435,0.6983246273531399
22,cozy-normal-year,Normal,Normal,4799.500882711602,0.7193616249006414,0.6772896573826553,0.5577368271888661,0.7959810337280039,0.6966255428495126,0.6907214426103233,0.5715467105260063,0.8082618235596531,0.8874598382788774,0.8582255040633034,0.7567807503573951,0.9712301351150822,0.6881281530861051,0.6522677509759791,0.46803839272525843,0.8587578937862037,0.3662360938637786,0.3916699481964643,0.2404885971187833,0.5620942436153498,0.15328315359820732,0.14777004187021206,0.05717105853413535,0.23066040611601926,0.7161916053092409,0.698907130064866
23,cozy-normal-year,Normal,Normal,3946.9730391226667,0.7217440913677973,0.6760929084452356,0.5578806057161164,0.7908368520274436,0.6934519092284871,0.6920064684723704,0.5762387149113105,0.8090002194415624,0.8902078349557064,0.8635286263339,0.7582380598287515,0.9748317661637695,0.6866123579339536,0.6535655807556675,0.47022792141918474,0.8561786947069752,0.38448773754246585,0.3922456425504225,0.23923405627502262,0.566586872542905,0.15660306129889792,0.14332901194083864,0.05533664362434695,0.22620267768628377,0.7178098030136806,0.7007886783123843
24,cozy-normal-year,Normal,Normal,3239.3933803119185,0.7374430158356209,0.6912694811618847,0.5739544808209738,0.8048723462696473,0.7013643701589402,0.6942547271635242,0.5784427154820083,0.809145482982764,0.8946962255676938,0.8588516736449748,0.7569344933314688,0.9698697562922227,0.6886857485660169,0.6472363818951924,0.46353597107388633,0.8378039177081673,0.3712472779364761,0.39565532752233457,0.24070657432796605,0.5671326082459952,0.15153565276123918,0.14450940608731602,0.05667987606184448,0.2278124509776816,0.7228934355711367,0.7023914896509712
25,cozy-normal-year,Normal,Normal,1631.0525996719366,0.7269145080309207,0.7044563265523421,0.5899939360370843,0.8154555922661515,0.7249877530576617,0.7007407547178978,0.5855996034383132,0.8162491206003771,0.8937877408722839,0.8576580352513783,0.7572634170592262,0.9664383287727698,0.6924098534301245,0.6436387284125289,0.478797012149767,0.8147827351416608,0.35468946316408867,0.4069546681638553,0.24706804634038204,0.5760288845935874,0.1492467484238122,0.14261568738754202,0.05935926238214256,0.2241146422554326,0.7257258405389264,0.7070045758144462
26,cozy-normal-year,Special,Normal,4779.3367147833615,0.712545738758175,0.7038634801252379,0.5896143291739239,0.8126580069403195,0.7358008538806722,0.7036288703550369,0.5873048559806444,0.8208865332773301,0.9073264217585165,0.8601123671142923,0.7606814977451484,0.970402431082129,0.6900646194558988,0.639200334303637,0.47674876096756974,0.8038035069596607,0.3366216248329061,0.40576893308192113,0.2472555619574027,0.5776868172657363,0.1412942653906453,0.14091634079764115,0.056961343605126655,0.2247196697302321,0.7269830221038419,0.7074401194819896
27,cozy-normal-year,Normal,Normal,3881.0412882411583,0.7057635113635707,0.7057054776086589,0.5909679461961401,0.8119468000547858,0.7214024250272631,0.7081278806230502,0.5928378292265624,0.8284499544352553,0.9152532417761918,0.8642437533757699,0.7661370661882289,0.9707142948829459,0.6875788812237699,0.6412040841793328,0.480921590559117,0.807287148311877,0.3151569487488578,0.4074387631925811,0.24385518141240956,0.5746515824611443,0.13083562142377864,0.13645925009233678,0.05205421877971768,0.21874040024627978,0.7220350098732966,0.7106726992111186
28,cozy-normal-year,Normal,Normal,2814.137482173155,0.7063272041429827,0.6970536933693505,0.588368647434298,0.8041239600136031,0.7098906583311081,0.6898038621522466,0.5681410134091122,0.8078670968333996,0.9250498197877682,0.8607757254115838,0.7632106307578052,0.9653701197770492,0.6883927502985786,0.6266379196716234,0.4456239664459305,0.7843050353077334,0.31932629246081323,0.40963790515866333,0.24861282350362765,0.5775687477069346,0.12195431080200654,0.1417442871437047,0.05626588297923963,0.22410080441494012,0.7226948264243288,0.7012235834274038
29,cozy-normal-year,Busy,Busy,2633.5205109962385,0.7145608663904132,0.6922206591053076,0.5827091045984563,0.7976686189427061,0.7085222340535715,0.6881995062722246,0.5707968914226841,0.813050354299186,0.9313200692245936,0.8629859328919476,0.7653957626060697,0.967053463130697,0.682298139375889,0.6272775336339296,0.44481101225290054,0.7846032897356221,0.33432100980055823,0.4047961063314258,0.24700986043022807,0.5743502465142943,0.13122682660105092,0.14071124636907015,0.05289611473875791,0.22333000458867294,0.7248358590266846,0.7000676342263796
30,cozy-normal-year,Special,Busy,3987.8943874164693,0.7433802984621343,0.6938490973936375,0.587080453626875,0.7997010893642617,0.7039556137565819,0.6879939498694496,0.5723695183325375,0.8086172533346061,0.9260105614432012,0.8661614186235164,0.769980704350043,0.9681445215268173,0.680626298209222,0.6249763862899926,0.44361492241110695,0.7790493571681212,0.37142470763444224,0.4056252164787082,0.2443492421962683,0.5738969063207601,0.11722189675263398,0.14456344022972908,0.05584956110823436,0.22701049310926216,0.7330342053289706,0.7002822603190042
31,cozy-normal-year,Normal,Normal,2402.8384133278446,0.7370198002010143,0.6996471580978877,0.5916403908617377,0.8081097460978255,0.6746220106973723,0.690200702369823,0.5762450784072074,0.8090255009226067,0.9325935970084868,0.8639842229677408,0.7690324297949105,0.9643785733877005,0.6768604972339322,0.6258780431757716,0.4425719723300771,0.7778215393819053,0.35185760018646733,0.40506660429152375,0.24821220911907152,0.5681507788423686,0.11765338350517142,0.14360800537180893,0.057679345596725926,0.22420458343803612,0.7230744633396465,0.701620521486634
32,cozy-normal-year,Busy,Busy,611.6112365828924,0.7526711486752131,0.6950137609605348,0.5788943456149362,0.80622925327037,0.689650619593689,0.6733813027123066,0.5522125374270076,0.7840085639760234,0.9401302845627529,0.8609034474399162,0.7652242081215133,0.9548396461407399,0.6816951323354488,0.611655387474411,0.4453377073970963,0.7656679008481638,0.36740881798261893,0.3988205142566449,0.25784737426927584,0.5657228952660294,0.13018374309548034,0.15410392345265048,0.062082086248712844,0.23896842418204356,0.7323873354147231,0.6919532183578279
33,cozy-normal-year,Busy,Leave,1637.9554368054041,0.7497082100392776,0.684192191467552,0.567060877877055,0.7974066639570734,0.6838030311575285,0.6421771141739067,0.5379462123102805,0.7579068975850866,0.9302113589379774,0.8545288993769223,0.7583317644575136,0.954591974685628,0.6788536104333135,0.5869242317721589,0.44013235540202855,0.749051226241288,0.33623175266760946,0.3830896055360702,0.2550822432103531,0.5399894310388721,0.12611302977490646,0.1682423125000948,0.08193831436531948,0.24752083283920337,0.7249312748693241,0.6738281553255241
34,cozy-normal-year,Busy,Leave,4010.8000094274803,0.7472607572418776,0.6787742285228548,0.5584975591570589,0.7878153611245293,0.6972626267072773,0.6427073678181408,0.5351016432235494,0.7582161951358474,0.9415604202901948,0.8589221574511328,0.7635958498123165,0.9566232024014969,0.6727365961360172,0.5864283046475917,0.4351722820370399,0.7502608722282368,0.3429104937965889,0.382084148390884,0.24347009852311707,0.5379512310488572,0.1470304655113699,0.16889448375189522,0.08292600269306986,0.2475958206851544,0.7277896401866468,0.6736089712702981
35,cozy-normal-year,Busy,Normal,880.925708105132,0.7419930985415085,0.6834415810107618,0.5696384392164788,0.7926937634005449,0.7149951394109949,0.6663968052022167,0.5546835241938087,0.7795870325717092,0.9365434729407845,0.8708177003290515,0.7785246267904812,0.96464669425734,0.6737141239610489,0.6068953630104178,0.4368916476262105,0.7814810942862943,0.3182361419064927,0.4057863299747077,0.25661221654562594,0.5656582148487866,0.1685698678170151,0.15584073463800818,0.06357902004790737,0.2380301409528926,0.7255594858401577,0.6899379068633855
36,cozy-normal-year,Busy,Normal,4911.882804953461,0.7384272482391053,0.6771870326871126,0.5595500907223302,0.7835499567478398,0.6887365155851392,0.6610022029249872,0.5491945481979668,0.7743022570296094,0.9208401001665827,0.8716624832802399,0.7792674991937714,0.9647423781714312,0.6793754442650525,0.5980335417823984,0.4228816946183208,0.7642487249244421,0.36309790738560294,0.4015518767836081,0.2561750741970339,0.5589043424394555,0.1814698093335328,0.15424870330461518,0.06604630556611513,0.23560034072294825,0.7197629135741118,0.6859079160718943
37,cozy-normal-year,Normal,Normal,3768.8465826112288,0.7542157819456694,0.6722684954502807,0.5632526490194275,0.7795334805591334,0.6898511685023072,0.657405972231724,0.5476481750656956,0.7723621992820482,0.9213174350355775,0.8734469415607944,0.7812889420469308,0.9660622127639796,0.6813058622758221,0.5999262046250741,0.4185866769384481,0.7643392526364697,0.381641654140722,0.4113191241999579,0.2666030764981543,0.5697500110889574,0.18115980653484243,0.15129601373695722,0.06365378360342133,0.23434055114903876,0.7253586591490395,0.6861529055794521
38,cozy-normal-year,Busy,Normal,2520.9421974861375,0.7485194703142419,0.6700826422952991,0.561643496503708,0.7789154966858381,0.6812756380247171,0.654342380145902,0.5424433263676328,0.7679865805665284,0.9153965611946729,0.8739642271754047,0.7820988269669871,0.9634950270824082,0.6785819676660596,0.60251702004991,0.41716886999820596,0.7637375474297985,0.3755486616191303,0.42348649246794184,0.27862100969387266,0.5844190763600883,0.18406875135115938,0.15442513695029353,0.06865312837997893,0.2356455058850228,0.7196083188712354,0.68653703976914
39,cozy-normal-year,Busy,Leave,1398.7561679865814,0.7422660595843653,0.6633891556201738,0.5633106432185508,0.7699076445859708,0.673411187760533,0.6468018604984151,0.5350398832954585,0.7681867671868858,0.9037794122541055,0.8735965157075665,0.7872947914535944,0.9622606886822259,0.6742709916936983,0.5999969891717927,0.4155858221490385,0.7626999475269169,0.3990618150813474,0.4182328826226193,0.26948297233611235,0.5879649102415329,0.1801924438897952,0.1613680358441535,0.07430319912661885,0.24148890032870224,0.7164774840571005,0.6816981480493081
40,cozy-normal-year,Normal,Normal,1972.0248745213305,0.7320609337673961,0.6684119092701934,0.5614315072923887,0.775510023468426,0.6893267081405204,0.6550522233797007,0.5475826064820752,0.7742439827828552,0.9192890733638145,0.8766922417759685,0.7911327952717956,0.9662768976313196,0.6757245211092255,0.604251266439411,0.4218715521870915,0.7666675157392352,0.3624404856147177,0.42007546984906513,0.2648716221536505,0.585544567637432,0.19040800122554385,0.15642182542954247,0.06763156487670974,0.23894620754520948,0.7169040364585649,0.6866619696395023
41,cozy-normal-year,Normal,Normal,3946.647941687629,0.7318410291039422,0.6679055505785776,0.5620691708504243,0.7750236693470756,0.692855468018026,0.6588990469753448,0.5525490298634967,0.7738037147022995,0.9199673787305868,0.8801948471643413,0.7939239350742849,0.9640261760829352,0.67234783565757,0.6102435578660919,0.42739741145497356,0.7684826101082791,0.3222401704878486,0.4364121972843408,0.28287707207154317,0.5974769059531532,0.18251169938282452,0.15736893612131964,0.0661492123649913,0.23945423094941515,0.7137096305099255,0.6908941476285687
42,cozy-normal-year,Normal,Normal,3084.3468762736597,0.7230549552631009,0.6706883940558366,0.5701977380569646,0.7774367305808654,0.6841849974575394,0.666931723225894,0.5613642859503236,0.7833503608441048,0.897459860247356,0.8807723292023488,0.7954743602648519,0.9657994274142333,0.6708110972434617,0.6156969189234925,0.43574601703424365,0.7702191632928549,0.3110412916640007,0.45274066198294366,0.296301665919394,0.6121006191109727,0.17619808489525401,0.15601566287087876,0.06478697618518865,0.2365679870491446,0.7046126225136827,0.6963227211357886
43,cozy-normal-year,Normal,Normal,2877.4076108892586,0.7029150800065938,0.6666889896465382,0.5670157575731164,0.7759156928843707,0.6919634992033042,0.6565589960093762,0.549393732138942,0.7723725797220784,0.8941061216806419,0.8767869671537166,0.7891998139085378,0.96046940353988,0.6675567265238783,0.6167801030777719,0.43985207948237304,0.7673720697647901,0.3178032950968883,0.4588811827904285,0.294554531756595,0.6155082153327548,0.17922117750901356,0.16306961848557525,0.07254094761037498,0.2469149196064713,0.7021821344917182,0.6923559453202973
44,cozy-normal-year,Special,Normal,3683.878140234263,0.7295273772160199,0.6766716291708729,0.5703894088277228,0.7842734556383683,0.6956122195134249,0.6638269545035341,0.5518914268847678,0.7784481349774467,0.895539562954701,0.8758209614411459,0.7921418190431008,0.9580525354496437,0.6696554278813852,0.6111818097351934,0.4341500018166687,0.7647760873803988,0.30316127030017154,0.4558336528169483,0.29531580646437716,0.6104518892923645,0.1720027463762307,0.1620831906857248,0.07276022452833018,0.241375789004221,0.7076182289245974,0.6946442964637927
45,cozy-normal-year,Normal,Normal,3046.032388320677,0.73722834457295,0.6813004418030536,0.5754551920102701,0.7889138519964245,0.7062745526717789,0.6716462420698601,0.5599626946946389,0.7861663889403665,0.8887588735174827,0.8782210205040012,0.794899568023011,0.9614290247894178,0.6661027562663592,0.6171733755930211,0.44271672375324633,0.7683419470436047,0.3214222040032749,0.455713586649061,0.29839964215643766,0.6083859367671391,0.1724341618825852,0.1572119497987663,0.06713519709284192,0.23730158061818346,0.7117109821492914,0.6993448837892184
46,cozy-normal-year,Normal,Normal,3566.328341583085,0.735653363902294,0.6796122034771773,0.5766990115104558,0.78646251580698,0.7040589258775138,0.6576815344087987,0.5450625113317634,0.7760628057549422,0.886178301077369,0.8748335454375794,0.7910413591331613,0.9560460562756417,0.6627781232985233,0.6034231184572997,0.42946946116379714,0.7606443628214701,0.3215736021451298,0.443578074133155,0.2884785241481291,0.6021583264581449,0.1620819980173348,0.1624678966054458,0.07569332781147962,0.24139161867483663,0.7108773933492597,0.6908117867628778
47,cozy-normal-year,Normal,Normal,955.1686274938211,0.7447896873338697,0.6766859706134488,0.5688758866509774,0.7801156841448033,0.6654150177415807,0.6624066389569772,0.5400940863869416,0.7824174071076619,0.8671784281815624,0.8767564537942989,0.7971285697425098,0.9575696404605408,0.6615911968312577,0.6042307945355541,0.4274271663078105,0.7570979527076795,0.32190721788313864,0.4487859909579564,0.29441634949221007,0.6005168108704055,0.15852179797189614,0.1567611957902592,0.07520415621213793,0.23688605676291277,0.6992637894547612,0.6931236917605628
48,cozy-normal-year,Normal,Normal,4493.657693560231,0.7394074582481527,0.6788615280457881,0.5700828492081745,0.7792386987605774,0.6865909498713338,0.6724091239344898,0.5581621994053798,0.7937023555724569,0.8598380520713248,0.8775491017265246,0.7977554034328184,0.9594388244428778,0.6611026143991356,0.6035816160537626,0.42839254166660884,0.7580772534700942,0.3364046499943709,0.44914219358036456,0.2945048090735405,0.6004802988037492,0.1503778974696764,0.15444247293500862,0.06789143268724877,0.23479779252805158,0.7044518304230408,0.6963416289461105
49,cozy-normal-year,Normal,Normal,3408.425723680094,0.7230952664170458,0.687756163203312,0.5769814494417885,0.7899210252913311,0.6794901167528172,0.683562698963444,0.5690940489550174,0.7989695344031512,0.871163906601772,0.8770064699435719,0.79474898317344,0.9583490655973083,0.6583996517874231,0.6052850349437611,0.43450558068331785,0.7582192824756447,0.3808449651817146,0.44970775875335883,0.29496322217584653,0.6051675231895208,0.14453512787942854,0.154382022240609,0.07024856639063602,0.23502556490531806,0.7070458361316604,0.700963334935982
50,cozy-normal-year,Normal,Normal,1517.5118188116874,0.7243124216717854,0.6975752426228549,0.5827343217402479,0.7975475059905518,0.6603361541083657,0.6937968005747249,0.5786310691814752,0.8231704191669701,0.8775976720229659,0.8788684100576587,0.7972861413024488,0.9606468479146196,0.6559497341324686,0.5967995842646825,0.42888032803207415,0.7539568724273281,0.34517097064477753,0.4466670673654593,0.2942462625236879,0.6013146996653768,0.14307984084036762,0.15345127956101304,0.07175901807938027,0.23276404568447973,0.6995925889806898,0.7040626087637754
51,cozy-normal-year,Normal,Normal,3892.285490222371,0.7430664355788607,0.6941089440678371,0.5806023976857495,0.7955060209983819,0.6558760635113716,0.6859607868929601,0.5679302575622341,0.8111915710419835,0.8687009917321543,0.8777630588269772,0.7970424710796754,0.9610824644745165,0.6570225399094296,0.5944168499510671,0.4270004272833384,0.7516053598442938,0.327952586045705,0.44484148758694697,0.2894022169812638,0.597498319245195,0.1367558449882444,0.15694598000540666,0.07369780019249321,0.23798860473445704,0.6989839789801805,0.7003270800470405
52,cozy-normal-year,Normal,Normal,3878.3238926178765,0.7538985725817313,0.7015720996721311,0.5899255936212382,0.8050704576536594,0.6797708036280623,0.6993213424972156,0.585180831326689,0.8223255082453355,0.8731478444575103,0.8806145567964072,0.799160282873272,0.9622910492520609,0.6531299740790449,0.596167095446047,0.4323111829838005,0.7522103943151934,0.31744515630023545,0.4445981871144007,0.294358852247276,0.5940216376976882,0.13355424503169847,0.1514031156480158,0.07056137177660797,0.2310599684478148,0.7063383514057324,0.706388449213719
53,cozy-normal-year,Normal,Normal,2986.65198796173,0.7430610367618933,0.7134755383837184,0.6009822948335173,0.8181949043438569,0.6895157960623968,0.7103873402285296,0.600744600472825,0.8279016676427189,0.8731227546728146,0.8833288479172691,0.8015348558467122,0.9667514278644097,0.6520826644945974,0.5927184899115782,0.4317649754876525,0.7517408507729354,0.34113165702162346,0.4422080568615627,0.29460460786740916,0.5942672060985249,0.14110391909706632,0.14808573249753246,0.06744578539131485,0.22588390837804845,0.7085018032491104,0.7113574729405268
54,cozy-normal-year,Normal,Normal,4468.403302994798,0.7645678033087593,0.713583422981073,0.5978998484002964,0.8204985787745219,0.6923827754968495,0.7241038594475346,0.6134294312464182,0.8446089549157377,0.8688808376320115,0.8862834536744916,0.8035682248111611,0.9663890881786976,0.6530768254175108,0.599282614658367,0.44148936854275694,0.7536462267902061,0.3524468184381626,0.4479372160485395,0.29987436522575,0.6011116283831833,0.13947133144241047,0.14412024887510774,0.06136470200066873,0.2233377181573262,0.71380837494695,0.7174739589565424
55,cozy-normal-year,Normal,Normal,3946.851566233035,0.7774686593219322,0.7140560675438086,0.6025105970689947,0.8176778196887008,0.684571050812203,0.7210938964625722,0.6144831539227928,0.8394348224654937,0.876202242501468,0.8867180017881274,0.8042419391552779,0.9661108102953352,0.6508766272521742,0.5949457087668563,0.4357126038530649,0.7517164618073432,0.34731022099142506,0.44203572466643776,0.2938658264980622,0.5979249097787087,0.13659804860529032,0.14178238565088852,0.06034366987570662,0.21982634590768227,0.7150121496901678,0.7157841711820705
56,cozy-normal-year,Normal,Normal,3332.798021032501,0.798153205822036,0.7190365325425873,0.611562014298424,0.8199025070667709,0.6733094058953579,0.7134150494571704,0.6037897197375588,0.8305164476056364,0.8761277556310528,0.8849566984427408,0.8034604955318333,0.9651695786180036,0.6527483565811731,0.5899090059814658,0.42923424091519913,0.7481510778838263,0.3746735831936243,0.44258567304335844,0.291626505478192,0.5968211727483104,0.1273778409928792,0.14240219418163777,0.05973908399711803,0.22214519704641278,0.7201365267530151,0.7136013234841466
57,cozy-normal-year,Normal,Normal,2630.167063190186,0.7911661497356376,0.7171753551465135,0.6129556878831476,0.8154909773765345,0.6671206737881785,0.7115069161201061,0.6033070033553868,0.8260571964543826,0.8881245854779005,0.8838225787139736,0.8012888697088857,0.9624839591710705,0.6472231927587235,0.5888157566053888,0.42479878360377404,0.7481048742370703,0.3822764513949854,0.4410509851407944,0.28675238853554297,0.5966820105738145,0.12907352164334676,0.14340534839351954,0.05925555172941919,0.22269222817517823,0.7195137608255491,0.7121184032821913
58,cozy-normal-year,Normal,Normal,4989.507339551498,0.8237533996100643,0.7175049579007179,0.6119162202615548,0.8181181474356899,0.6857393549291672,0.7120424557852629,0.6023282001548429,0.8276437822905699,0.8830940069723879,0.8854020716964704,0.8017545531573403,0.9682281670354832,0.6499865599137229,0.5872136665600104,0.4226311994916488,0.7482557537071856,0.3848039116566103,0.4361819224042223,0.28512886853122343,0.58877002287733,0.12932920245852242,0.13961831312603726,0.05784651529659049,0.21679969019395698,0.7297226116791514,0.7122142875092015
59,cozy-normal-year,Normal,Normal,3791.3984275208654,0.8289735297931909,0.7157521739267032,0.6063416339609397,0.8193753474093897,0.6814661168268273,0.7146944867635152,0.604668656308505,0.8304181199128241,0.87399427085365,0.8869828024607421,0.8043215933677914,0.9675216812705875,0.6520824437730932,0.5942266784321242,0.43551745320671886,0.7504712845979377,0.3899361706107174,0.4503253294017247,0.3007267068042444,0.6061369484011097,0.12316287507001769,0.1396462562670589,0.0564047646042093,0.21768475630043346,0.7292905010040832,0.7155530026464576
60,cozy-normal-year,Busy,Busy,779.5959186054346,0.8048614047932953,0.7134031328401129,0.6007343731868173,0.8183299625080355,0.6885331332808801,0.7055956606027202,0.5987916213403489,0.8239674919735952,0.8636616709121401,0.8872279673989067,0.8042655597608934,0.9661842810896283,0.656221421963728,0.5967287645804507,0.4530267095393783,0.7543285415766681,0.38923177085745597,0.4485707992238907,0.2972609304142149,0.6125755528867048,0.1205381611080244,0.14474358407644453,0.06489976467055283,0.21751727373009133,0.7254977765631554,0.7126021043815374
61,cozy-normal-year,Busy,Leave,1784.879021218386,0.7988519756433249,0.7040665496259537,0.5957464838086921,0.8097518124653261,0.6646583053162403,0.6826108547876234,0.5631199946847812,0.7996579215880635,0.8647050773640693,0.8848310356260879,0.8074250536187966,0.9621110334319272,0.6602786238684064,0.5805751843030933,0.44164734980110654,0.7493810240889587,0.3732996156296441,0.42956871872813146,0.2835053136587171,0.5891973543306653,0.13128381887611928,0.15333921168709264,0.06872303836158716,0.2288468045648032,0.7164781030682663,0.6991615671346753
62,cozy-normal-year,Normal,Normal,1305.7156354537378,0.779823163949565,0.7064748645694725,0.5961374624612756,0.8146187398483232,0.669094299555454,0.6774146390698399,0.5651032703382931,0.7948480612612799,0.8686424506282823,0.8814617903959805,0.801699484754251,0.9609349912796392,0.6571906988694297,0.5736809007379164,0.428046230445184,0.7426018729375212,0.3654681002644349,0.42529276794478155,0.2760846909844052,0.5862018713183571,0.1190561143311854,0.15728267812878724,0.07197813726898279,0.23388968909409485,0.7148166259405198,0.6956543742482749
63,cozy-normal-year,Normal,Normal,5243.412259900921,0.7824304138617196,0.6975549553527913,0.588337864250885,0.8045248862026788,0.6827426248943661,0.6781275907205616,0.5646703126741359,0.7975753857405509,0.8719653917266551,0.8812221713353852,0.8011781192697495,0.9623362245726498,0.6496556866191685,0.5787741958761496,0.4335025469787343,0.7472829463038142,0.4019338617919667,0.4269031114090413,0.27506473426925476,0.5803570792660909,0.1172808284840962,0.15706435922049253,0.07143467101678416,0.23190202347553046,0.7223457608718058,0.695193001583849
64,cozy-normal-year,Normal,Normal,4136.996348813799,0.7860035341541212,0.7108476519941174,0.6030021739903432,0.8162838242963588,0.6950788159610485,0.6827543244438818,0.5715729846237938,0.8002116448009003,0.8711376184919797,0.8814731714970815,0.8016747674634742,0.9600118263095225,0.6466143305307274,0.5698296416117711,0.4255768467892935,0.7406151504829479,0.3885139287496863,0.4206014205464786,0.2653516256162212,0.580137639141694,0.10641523376002039,0.15460511729936618,0.068788074191566,0.22903609039461637,0.7250311655077798,0.6969141799573872
65,cozy-normal-year,Normal,Normal,3117.4460777135814,0.7937726690866523,0.7072867091105818,0.602413502087275,0.8107944748064021,0.6860484372694079,0.6772999288639945,0.5662484754177889,0.7927781116501569,0.8847407910712161,0.8808840595361765,0.8034183287336207,0.9579609143553258,0.6399555122132516,0.5601041828017578,0.416136543341528,0.7325030135022566,0.3725182163206014,0.41531264000299745,0.26360191268097777,0.5775892957463779,0.11711969255232169,0.1542951472817647,0.06922822123034797,0.2308419969575207,0.7229972644613468,0.6926849466835732
66,cozy-normal-year,Special,Normal,4662.2777588535755,0.81193381957704,0.7149584956808723,0.6099347703013224,0.8205588928760973,0.6951280126224567,0.6757825019569735,0.5657484634429014,0.7911584449530351,0.8912516964377221,0.8792299183177494,0.8002606075810516,0.9576560230845893,0.6435211500489852,0.5527627277896818,0.41147234501555574,0.7263518967191706,0.40325198159182385,0.407211609874016,0.2573688858806178,0.5706927356377652,0.11813881749063873,0.15377831823340912,0.06904539982660043,0.2333269769999985,0.7336876502009002,0.6913416200845003
67,cozy-normal-year,Leave,Normal,4257.721598318175,0.8074917671996529,0.7135788723790379,0.60956916950244,0.8226543207912932,0.6843357445557453,0.6734540133440353,0.5628184813717426,0.7879731031365717,0.8878450142523817,0.8803691982781646,0.7994815088677366,0.9603690665966769,0.6445703822593832,0.5510924817229894,0.40639578820683975,0.7257293326573757,0.4021678806528786,0.41852621607191054,0.2677975040559614,0.5829631724163628,0.12833309917170488,0.15515767804673447,0.0693819179617337,0.23588044977714187,0.7285378752014977,0.6915784530587836
68,cozy-normal-year,Leave,Normal,1997.521848351601,0.7917408140804597,0.7098456788737944,0.6040618377531485,0.8204399193816136,0.6648466159416145,0.6566221769486542,0.5409362574163679,0.7676975062219977,0.880433240523289,0.8787669019701664,0.7989226593058679,0.956801418756429,0.6409491901137649,0.5381364083278686,0.39877046362371743,0.7119271818654902,0.3883365190666608,0.4088432486446785,0.25821938108651354,0.5685916679381967,0.1424831197580054,0.1619886597808788,0.07308771494837232,0.249536065740126,0.7158322241642787,0.6825568635337657
69,cozy-normal-year,Busy,Busy,1311.3024148145932,0.7903974587356596,0.7081629322465479,0.6063403775535525,0.8216533719217552,0.6354746906016432,0.6581279175991933,0.5464000288076042,0.7621535756784978,0.8847902932813413,0.8788441426817161,0.7974443412106444,0.9553414326438396,0.6400649712946193,0.5425155691069051,0.3944175110959061,0.726063036766652,0.38322070369308475,0.40400461355524964,0.24638534181135857,0.5612248004522205,0.1453762882013491,0.16361681385969834,0.08018852682858277,0.2400021473358961,0.7081253178723413,0.6826514529027325
70,cozy-normal-year,Normal,Normal,4460.8681898826935,0.8091219613399733,0.7050150168317405,0.6050940463401732,0.8155922257157258,0.6176126659173753,0.6523437438706307,0.5369114046591764,0.7638828883602504,0.8891299031479287,0.8793955261791248,0.7989897448534513,0.9558044362191588,0.6423586408629406,0.5418492163749817,0.3944058560394742,0.7261648864588047,0.3937919169765525,0.4077334433150784,0.25060691386776207,0.562908804650239,0.1413658211415459,0.1632031138982294,0.07767997160469274,0.24219024532275216,0.7098290114414614,0.6810939862280286
71,cozy-normal-year,Normal,Normal,2665.5214103719304,0.8103720926037633,0.7090540299387622,0.608274918200378,0.8180551541106645,0.6350805977114625,0.6624038266521741,0.5508601264700981,0.7762963289685598,0.9017863370555106,0.8790369135517838,0.8002899649406853,0.9578982258200736,0.638750231710517,0.544890064201082,0.40230536567507497,0.7277494287695693,0.40048176249079365,0.4199925600403254,0.267453071106326,0.5708465929009064,0.13751664713559794,0.1618509403520065,0.07582139088565557,0.23709505602362513,0.7174957597417555,0.6862345626037858
72,cozy-normal-year,Normal,Normal,1127.9720701159813,0.8046846554969145,0.7185993207288975,0.6145887998099061,0.8215048657319145,0.6286822658508612,0.6886139244569736,0.58418443355228,0.8015992064892258,0.8992546047643328,0.8862591769540581,0.8091513491672989,0.9654794253477098,0.6310268290928064,0.5510125101630616,0.3923746210031181,0.7361241613780294,0.4008968614545141,0.4299918868106996,0.2746234019035284,0.5773972340402558,0.14202795528049922,0.1513990868492556,0.06407205359283889,0.22770358204863167,0.712724877291822,0.6990743947265978
73,cozy-normal-year,Normal,Normal,4857.52804417847,0.8076948125112876,0.7259900474188152,0.6219954834722499,0.8258936393947559,0.6376853463385316,0.6877476872723465,0.5821124115469443,0.8000915225895215,0.8964335792641636,0.8860067898820736,0.808898059307286,0.965510633992953,0.6320506429857996,0.5487693453820217,0.39460958566983795,0.7305817537221333,0.384567110039583,0.435126522723797,0.2764567508066136,0.5822157977122806,0.13633961441632922,0.15033351279457513,0.06650390394170332,0.22963880944463083,0.7138896422299466,0.7004501498111717
74,cozy-normal-year,Normal,Normal,3814.1748122426984,0.8146728737918182,0.7200804447551044,0.619289474352603,0.8202216340610103,0.6355063624365901,0.6751238186501041,0.5686272525112197,0.7860221869963301,0.8965101846969258,0.8855523794313088,0.8091459935832443,0.9647701714941059,0.629766155251517,0.5432837492209676,0.39142802476537913,0.7238047917406422,0.34330326805709677,0.437454646187303,0.27705588932574887,0.584105986143591,0.12112984271736663,0.14957346553215925,0.06737547097014114,0.22905570338446624,0.7112327048858467,0.6955939750074488
75,cozy-normal-year,Normal,Normal,1978.1036514360471,0.823331330248118,0.7111280869233275,0.6147674756585085,0.8099188276278358,0.6254966398137353,0.6562861514699433,0.5492341761273901,0.7684166463565137,0.9061361916573668,0.8814204378071364,0.8047798069441465,0.9596106812987836,0.6319264479146456,0.5344825822733421,0.3922543706972106,0.713318648337463,0.34713640732387113,0.4271219139383586,0.2655956454947418,0.5844739810042108,0.13178185893184943,0.15422147800559274,0.07183343300668718,0.2366612911932721,0.7119160883083526,0.685437156971507
76,cozy-normal-year,Normal,Normal,4117.359898568577,0.8149672095064827,0.7241758802753672,0.6255207400273949,0.8211994384100885,0.6259521662837015,0.6699050498847033,0.5607110249246929,0.7822022268623201,0.8996641014770186,0.8813080506070103,0.80273535117268,0.9598972658505857,0.6352060707865413,0.5293866074231893,0.3870966302222336,0.7074529771451918,0.3255116910910805,0.4282046817469025,0.26927569134680285,0.5820659974157264,0.12886169779656778,0.1526798925254472,0.070882757711556,0.2347807931761709,0.7076680471437047,0.6906259139694688
77,cozy-normal-year,Recovery,Normal,1648.8789376495017,0.8154918914979098,0.7183664121517149,0.6223454746286926,0.8168171194367276,0.6434114959902875,0.6574369350580002,0.5458336811594089,0.7707873633629604,0.9073049722997713,0.8784386161305253,0.8033115361070524,0.9559163473567278,0.6311524043294636,0.525527757739759,0.38904943995549607,0.703214298379593,0.31746670686011746,0.4197297193706441,0.25816618844033823,0.5707735479382874,0.11112614609014336,0.15340582846227394,0.07435167755092378,0.23606929671704943,0.7138955167654626,0.6842670387008187
78,cozy-normal-year,Normal,Normal,4230.915576444383,0.8087549939554279,0.7159927160841701,0.6205170245196017,0.8145469500982946,0.6620023123747841,0.6584711904364378,0.5455575799620555,0.771164786594211,0.9126356873890833,0.8819585143495666,0.8069587937998189,0.9605215463107836,0.6319754227209724,0.5296947080120409,0.39035851386063886,0.7060684689962186,0.3386423379730246,0.4304812086757634,0.2697232687795472,0.5828001381962481,0.1089895733364798,0.14693880504695805,0.06329988739947656,0.22984661065150552,0.7210713819622301,0.6872983951057381
79,cozy-normal-year,Leave,Busy,526.335046845804,0.8192801114109886,0.7108269927897712,0.6223204992365265,0.8077961259199099,0.6643241922409288,0.6518092401217266,0.5453640603779756,0.7670679364370175,0.9004176238756805,0.8829819990538427,0.8079209705977562,0.9654844080868787,0.6311804116366104,0.5327837844312013,0.4065553377236754,0.7033128169363138,0.3332241590423094,0.426461802181401,0.25867338476479773,0.578868247812728,0.11841582071863352,0.15300424549730188,0.06653296881335581,0.23889832896926713,0.7194369341739945,0.6843533477425752
80,cozy-normal-year,Normal,Busy,4672.241386278263,0.8109734403313932,0.7057473822107677,0.6126462009416436,0.8050187187045343,0.6754274772178578,0.6475998608329331,0.5373144798010162,0.7615620585377206,0.9007167684982322,0.8822109215021265,0.8053466105378428,0.9613382323546831,0.6363946678506722,0.5343830752050048,0.4073277298127755,0.7055945516588042,0.3760281385686742,0.4239870682419512,0.2639964994753636,0.5777441668879684,0.10820633737819553,0.157984648772447,0.06987603266422489,0.24111921833267227,0.7273410506246039,0.6817180829687675
81,cozy-normal-year,Normal,Leave,2524.739425402244,0.8019568454417628,0.6986171965454727,0.6032652966531172,0.7977008849614816,0.6990926194660448,0.6357605632177513,0.5209803891769844,0.7477237969459983,0.9110026484334042,0.8814948396849704,0.8070287010302923,0.958259048062633,0.6407524849541817,0.5308663487828069,0.4049039547737454,0.7059237264303587,0.36044387206866263,0.4280734460876053,0.26926425022637945,0.5809934672787261,0.09838719899128519,0.1616343056919767,0.07473802083326248,0.24784807521693208,0.733656420353803,0.6768534684253049
82,cozy-normal-year,Normal,Normal,1480.6591275121818,0.8014379856418774,0.7147311091257773,0.6211354483843613,0.8100992681300697,0.7083925064766865,0.6626525772007719,0.5541961623849614,0.7712738010377416,0.9127135774838916,0.8863701198795614,0.8086168137129797,0.9617237810272967,0.6393012288730591,0.5365981205973839,0.40930251024896425,0.7035403107987889,0.35257995191999547,0.44979164556067197,0.292104216765689,0.59358911301802,0.09565315213830891,0.1568650793720539,0.07738604760967707,0.23841009258510393,0.7354063556485461,0.6912350402887951
83,cozy-normal-year,Normal,Normal,4982.032543799381,0.8054997590920713,0.7166457962909442,0.6237170500737758,0.8141933228167358,0.683746289353189,0.6662251141261223,0.557537750328798,0.7752679558595804,0.8965446985320346,0.8884761884301917,0.810648688067392,0.9629742331645601,0.6388489641061369,0.5351236731725031,0.41008898001087674,0.7030998532025005,0.3667814352297246,0.4460434429154541,0.2901320589143987,0.5953906244134953,0.09764894742566706,0.15254830951149767,0.07361838566563962,0.2336536703769068,0.7280323660709619,0.6926774950270895
84,cozy-normal-year,Normal,Normal,3633.2628419637913,0.804106146623424,0.7312555308323575,0.6363925852905946,0.8295348280507757,0.6769517606207962,0.6821566388609754,0.5722527350308434,0.7956226296468046,0.8920315721325544,0.8910192864806283,0.8100656870927875,0.9679870243602332,0.6395819746581453,0.5336588377014233,0.40553698768534047,0.6993779156838207,0.3781098797727808,0.45544879471883487,0.3029478208451103,0.6023403441935535,0.10500703282204864,0.14767246254961316,0.07021167679929081,0.2299991503819076,0.7258078604120305,0.7010865477575322
85,cozy-normal-year,Normal,Normal,2394.53397155149,0.8152764714955429,0.7461142877334643,0.6475163020345872,0.8436935412200957,0.6827387317882969,0.692789508964609,0.5836326585473735,0.8000371013809109,0.9045931142437609,0.89082696787649,0.8082559016905636,0.9682236058091538,0.6354743015885018,0.5320614805907116,0.40214199932739886,0.6979685682239579,0.3487051046043977,0.45266652056258166,0.30379276915488623,0.5998506073262253,0.11603891640429799,0.14530145441651912,0.06767570017756766,0.22745312825200192,0.7267826287852384,0.7060563513232198
86,cozy-normal-year,Normal,Normal,3572.5148739196284,0.8086614021410917,0.7422882058644795,0.6413338406251946,0.8399409612093703,0.6998543113562494,0.6814089899380067,0.5718404547861419,0.7923459148890184,0.9164193913332831,0.8894735886801228,0.8095297655845942,0.9675530735022804,0.6363179605109469,0.5262726881615679,0.4014320663462956,0.6913034957236551,0.3409468026864565,0.4453328563738679,0.2935511929534706,0.5906736217770161,0.0983404496286662,0.15049269714060767,0.0717027387223993,0.22984773805262215,0.7332874855055106,0.6999998168690482
87,cozy-normal-year,Normal,Normal,3638.2868578787475,0.8127637601282014,0.7364435356280008,0.6396564172324807,0.833027093377014,0.7039602395190835,0.6860764691497789,0.5753586935203368,0.797762899714718,0.9105684472232589,0.8922735849463783,0.8132156209910778,0.9705305639606585,0.628757977787827,0.5317285250550468,0.4080441134012251,0.6969968474587451,0.33525781748394134,0.4490885076536813,0.29827571197452873,0.5957560874956067,0.10124971614711101,0.14572183893117727,0.06529242823091343,0.22653448519548333,0.7317558909020737,0.7024377866473552
88,cozy-normal-year,Normal,Normal,1098.2607678172167,0.8154542669480747,0.7613826736278668,0.6578644716718719,0.8578482569969321,0.7145638605338805,0.7165496614635345,0.6068138398217101,0.8239616033268649,0.9191961046918846,0.8981839590102394,0.8187797098280665,0.9742990421116421,0.6357877343028477,0.5276274900659347,0.40481263648985716,0.6875133619368483,0.35492304973108474,0.45915836082239164,0.3109455230307243,0.6026531448757602,0.10272750880540173,0.13726154206284327,0.05543114874115358,0.2214983604685491,0.7397567762008354,0.7170247523156759
89,cozy-normal-year,Normal,Normal,1867.573363892045,0.8267788937605959,0.7615926488567463,0.6603469450087979,0.8568683405990215,0.7021273569949218,0.6970925041617344,0.5973415029634289,0.8075025124266697,0.9030598840395054,0.8928010226810711,0.8132813163052103,0.9694696299117763,0.6349000811841818,0.5188486748352021,0.4005918188291534,0.6772033991962544,0.3535325302099437,0.4433909027412795,0.299134248383055,0.5907212132953512,0.1081996059483065,0.14166601366761952,0.06373512046323113,0.22191899051134292,0.734616647651271,0.7075421932792733
90,cozy-normal-year,Normal,Normal,4486.558609194008,0.8149774320818907,0.7728890537367706,0.6694066916880073,0.8678718307862041,0.7114100746154284,0.6991624206802556,0.5960735172921257,0.8097942143314847,0.9006280350915966,0.8910396881045508,0.8078177109442485,0.9670991901594711,0.6356167269492664,0.5137893873667544,0.39944396424506307,0.6651260835864766,0.3249716038017668,0.447742449702776,0.30432347520215663,0.5937434122862729,0.1046948072088776,0.1444444153553773,0.06467455094210611,0.22350692577954845,0.731650135456106,0.7091321023740411
91,cozy-normal-year,Normal,Normal,3689.926389185943,0.7884398553436106,0.7690545436649011,0.6658065732964774,0.8658491593441622,0.7201947884156925,0.6982006948817674,0.5951096128707475,0.8064067000754734,0.8899761533125057,0.8911845702742737,0.810056122100407,0.9687527300907839,0.6303774176379143,0.510034639993455,0.39429756573441316,0.6625243141066539,0.34082309264143557,0.4427936026667758,0.3006899562025287,0.5889082303390961,0.09744000420414037,0.1440382213369332,0.062311907917695614,0.22743478341136117,0.7285700283204843,0.7071259221935836
92,cozy-normal-year,Special,Normal,867.7783992301642,0.7789403642188549,0.7693752187834685,0.6696830029108344,0.8659040538534535,0.7399929784303654,0.7229197546965744,0.6176423206141033,0.8350381873960756,0.8940703368133163,0.9005329594546094,0.8230702133182685,0.9778017301035159,0.6294812916947118,0.5168585198963228,0.4098424242575765,0.6682323243020223,0.3639628690627877,0.4612199729332728,0.31434032326989764,0.6083024735728977,0.09309214068927005,0.12995642242604946,0.05028490532341105,0.21368373882098857,0.735465285728782,0.7197599879095566
93,cozy-normal-year,Normal,Normal,4240.571924049759,0.7751439851926359,0.7646781617732951,0.6649871083301834,0.8631185285513634,0.7266125095558289,0.7093185190591446,0.6060707382182997,0.8175919810907856,0.9061342389257825,0.8981261298914118,0.8191074237030826,0.9751942965966945,0.6213882734763657,0.5120232295693848,0.40338999663861475,0.6562156800183423,0.37238409380201126,0.44724304213987964,0.3026860337908961,0.594542794782042,0.10248856480447378,0.13092731466505722,0.051436248525025985,0.2107896757179799,0.7325414101027805,0.7126246447622442
94,cozy-normal-year,Normal,Normal,3803.351845926779,0.7850770955646358,0.7616215880587434,0.6603948421426304,0.8594806550403032,0.7373819987815363,0.721121241902767,0.6143700119867838,0.8289923284366716,0.9138069661995274,0.9017526194553932,0.8222978872877265,0.978320098548329,0.6220412163094773,0.5179180999014371,0.40804972177034804,0.6737147872151226,0.35318688143809684,0.4645029925032923,0.31494892110499556,0.6192792272482786,0.11074382293370215,0.12467122495592525,0.04708371406910537,0.20445624868877815,0.7357235394112608,0.7192178228813438
95,cozy-normal-year,Busy,Busy,497.97011695083546,0.7708195023764489,0.7572820243538315,0.6719813558871389,0.865158137502202,0.7192024965899765,0.721691331594528,0.6129393633678105,0.8245854251164623,0.9283089772956895,0.9002454528619326,0.824753919083969,0.9720257815190038,0.623645871129367,0.5214716748042747,0.41249715656295016,0.6761730745572199,0.34194196836154533,0.46882249949610016,0.3137088204968624,0.609206603912617,0.12991927205448794,0.12954055537731113,0.05431888393938966,0.21396072006372657,0.7286149587294127,0.718834575230232
96,cozy-normal-year,Busy,Busy,3125.235142789238,0.7619443775913206,0.750784471048992,0.6568610153949251,0.8567852517560086,0.7116179116268552,0.7241542176168723,0.6148210133901727,0.8237978089242668,0.9227316569026754,0.901599778618024,0.8274039428704619,0.9749218810725251,0.6221779998111061,0.5199317898826753,0.4126765439055825,0.6729696003354256,0.3126229379594022,0.4799998121136226,0.324875710629847,0.6223424389858897,0.12058664110814923,0.13385621404055897,0.05882872907520545,0.216807095088114,0.7214791362881828,0.7191031592263121
97,cozy-normal-year,Busy,Leave,4565.578609293393,0.7488605609259359,0.7439409992404679,0.6503258794851348,0.8501429413450039,0.7124837713785345,0.7179814125456669,0.6057891762206797,0.8200359055234624,0.9257850454192866,0.9032320413295993,0.8297792781973935,0.975615306120337,0.6232845897835635,0.5182848748254504,0.4105334880769126,0.6706472902479036,0.2848477166700235,0.4757758057652449,0.32186641209382744,0.6176412438120884,0.12192834948741652,0.1367693977445728,0.062242323687216584,0.2187492165428029,0.7169388011454905,0.7156351200974125
98,cozy-normal-year,Leave,Leave,1692.881049151162,0.7574953469885743,0.7347921699533666,0.6396796214648663,0.8424811488211303,0.6851832716246419,0.7119245541577214,0.6005490149060886,0.8149374253876817,0.9254359900187148,0.905565862209537,0.8315625460460194,0.9788922817885969,0.6230487154895158,0.5191293230837528,0.41180594191644254,0.6688803658811329,0.2762088553815186,0.4679410584768381,0.31154032867621956,0.6129502565865836,0.12779696704043575,0.1392304466011423,0.06207166593442064,0.22203395104424864,0.7100232502340927,0.7119680650386823
99,cozy-normal-year,Leave,Leave,2604.4345959536445,0.7468028201921412,0.7226219812830527,0.6288735194666121,0.8311366581419378,0.6973623603221076,0.7138700367151263,0.6057598923038662,0.8145308942349487,0.9234048031117083,0.9077093515798053,0.8341553222221021,0.977449616724211,0.6287443449065848,0.5235646179615291,0.4159007397311935,0.6629251853548155,0.278594851450636,0.47562035427526894,0.32174844366050115,0.6228952201725592,0.14774136611317806,0.13912085272501598,0.055739365992671146,0.22047665719203383,0.7099164505707597,0.7122578286973147
100,cozy-normal-year,Recovery,Recovery,1399.3970539245781,0.7617640769088663,0.7262662514829613,0.6287876884112168,0.8269893233895996,0.7111196506477304,0.7274460341760592,0.6257669224697653,0.8221657359532841,0.9296093017115445,0.9109824172542421,0.8365439476708669,0.9812967961428581,0.6306409288314421,0.5259111370505489,0.41925561819845386,0.6503661380542107,0.2775197728661642,0.48543695994396313,0.3277657768662674,0.6410530713578566,0.13012172630247057,0.13147807105263057,0.04850989856011787,0.21570436742035567,0.7192368578458992,0.719181957678457
101,cozy-normal-year,Normal,Normal,4906.034130280068,0.7608573736397284,0.7199085170469876,0.6250670156959007,0.8199011602935486,0.7302752402192871,0.7229091050971354,0.6219948176972904,0.8212212500376327,0.9187776319824812,0.9106866981132057,0.836655561100922,0.9812963589444791,0.6283135603852351,0.5277783916096856,0.41882646950043834,0.6561700368422068,0.28986288481263317,0.47879519629337813,0.31915396482178754,0.6341869084552146,0.11863815787968056,0.12978471496225882,0.050851951113305156,0.21496514213520962,0.7238299349095284,0.7165816917189781
102,cozy-normal-year,Normal,Normal,3764.745479029795,0.7623035165700541,0.7277933393425775,0.6311895825437793,0.8237749162739069,0.7368553218591793,0.7351401227877666,0.632533861441089,0.836445390705095,0.917557784482447,0.9123859823521087,0.8360074061364985,0.9806612813778474,0.6371502425209361,0.5294528059973683,0.4176063466324773,0.6600933987617951,0.2961887948786808,0.4804174603434079,0.3187842194004285,0.6368692715245896,0.10665765241230234,0.12512249970748432,0.04556561190162986,0.20994543561139378,0.7287990613426685,0.7223111478756327
103,cozy-normal-year,Normal,Normal,3029.2294244779882,0.748880710298807,0.7224050692266317,0.6251140828272446,0.8201557887164831,0.7338797233330957,0.7322846871088637,0.6299873520073893,0.8310495525605325,0.9178215446697219,0.9123249459699558,0.8351968296500103,0.9801930347015294,0.6387151378326522,0.528524927939685,0.41749892194235794,0.6562039544441146,0.30630257925355114,0.47493400951729664,0.31294839944981107,0.6343276426709455,0.10788192525980522,0.12451495896550809,0.04577963580703355,0.20900219546579393,0.726932280866138,0.7199243070527022
104,cozy-normal-year,Normal,Normal,4804.095678476837,0.730880517736218,0.7325474542116398,0.6328223109372034,0.829357639134526,0.7403963942619932,0.7338135888369731,0.6297865825359147,0.8336547685272714,0.9025152725176941,0.9108069595742272,0.8357558356763579,0.980228679056572,0.6339024744345625,0.5239865195369567,0.414756512314176,0.6550614488869799,0.31882066299251616,0.4666906114851842,0.30662213485719503,0.6239906835069703,0.10370600295211108,0.12429958914320707,0.04586783599103404,0.20937797734659241,0.7232847148050521,0.7202171823571466
105,cozy-normal-year,Normal,Normal,3784.7181655629233,0.7441442830993457,0.7309934241610981,0.6295673063393034,0.8287335008152501,0.726985137154658,0.728700503832837,0.6269670634800849,0.8295688080062675,0.9053696045168195,0.9096418181931711,0.8350871883709028,0.9805000075845077,0.631532775846667,0.5206118063491941,0.41233961798642343,0.6557198637110155,0.3393947782989697,0.4615007284501649,0.30456716057569133,0.6182217705856421,0.09570617175958544,0.12482256393611936,0.046114236511205095,0.20754471098935084,0.7255742287223054,0.7172630186976183
106,cozy-normal-year,Normal,Normal,2336.5852647394017,0.7583417492938094,0.7427500257510269,0.6458324365408525,0.8379135353800775,0.7253141992610327,0.7229652904295077,0.6226961506901698,0.824591949540751,0.8988203419585984,0.9080907029707509,0.8348204362109422,0.9787760147967735,0.6299329105217776,0.5118009884309801,0.40816399545305954,0.6454307751729179,0.3288999695377546,0.44880927613032223,0.2906627821802206,0.6029199311538054,0.10755512687400588,0.12696416515573183,0.04875171092077843,0.2128434734349343,0.7238068827251004,0.7146152298444309
107,cozy-normal-year,Recovery,Normal,1310.121410194694,0.7748411929793407,0.7509719204156048,0.653467347112104,0.8469806985457377,0.7285352295935839,0.7396359223161464,0.6325686390238479,0.8470671275953978,0.8874057245003906,0.9120755041904852,0.8363393486727507,0.9816542933015242,0.6323582815192822,0.5193662280816408,0.4081438529693591,0.6507676409687956,0.3111410850811644,0.46694905642277745,0.30706437458268604,0.6236634313405492,0.09956707946476621,0.12089479548678803,0.04443974730514654,0.20949276210906853,0.724532503490292,0.7248725402428318
108,cozy-normal-year,Special,Normal,4654.704126185365,0.7866995632879332,0.7540246321366099,0.6581756262148454,0.8519162467664645,0.742653678893603,0.7375905200612326,0.6282099046365927,0.84457675479313,0.892127995322867,0.9089624175839197,0.8337216675035786,0.9800249487354442,0.6349884927801022,0.5156071115832532,0.4082100074592477,0.6453948653210214,0.34580228713460925,0.47260269950373146,0.31404900468331703,0.6335232878773139,0.10091203552685359,0.12430620343554796,0.04575535421331229,0.2104520534656652,0.7352401470567402,0.7239673617718582
109,cozy-normal-year,Special,Normal,3360.0082388918304,0.7876310596643569,0.7722487076753525,0.6765058939172534,0.8690609162427774,0.7556091416754498,0.7461274653546511,0.6395857940165586,0.8491715153785632,0.8900326608337762,0.9094450630539193,0.8325319905302349,0.9793890851515826,0.641869941701593,0.5120681765634996,0.40633131244407883,0.6379374490478578,0.3794684506564116,0.47895990403131083,0.3221709285245232,0.6451842169983671,0.09193532963838004,0.12430358127782082,0.04585024246561943,0.21096920291134091,0.7439295956058241,0.7296117858968321
110,cozy-normal-year,Normal,Normal,1933.0078092991293,0.8091467762397416,0.7760946814846489,0.677130335315206,0.8768870089457286,0.734275298757794,0.7697834733561415,0.6655140836934337,0.8756359055867353,0.9085821135011055,0.9142292471515276,0.8390178906337665,0.9810817467302447,0.6447314825670629,0.518882346056871,0.4023301813219126,0.6503163689819701,0.35229115056072113,0.4914850924687568,0.333550617246306,0.658443576900621,0.0927278614759078,0.11451233637265248,0.036027640000272323,0.20082042184005797,0.7435679447376418,0.7406220623399751
111,cozy-normal-year,Normal,Normal,4803.714300625701,0.8270146731691385,0.7844054752348449,0.6861105481164808,0.8828611670168257,0.7327664864815957,0.7725605770528001,0.6654174842837971,0.872845062426213,0.9131450888297126,0.912786774705246,0.8372642019316239,0.9817912394899067,0.6409929527225144,0.5158186386626711,0.40163329657492636,0.6426322358128791,0.3940050456712616,0.48345343748689423,0.3289063332773098,0.6453869172489318,0.09276694552601893,0.11370971597180023,0.03554816881457477,0.20077781564404307,0.7513060134636257,0.7412303734589271
112,cozy-normal-year,Normal,Normal,2590.400153990356,0.8291988343394603,0.7805206922156389,0.6853289097695112,0.8774220544478404,0.7262127883238596,0.7609687019264916,0.6541862850932086,0.8628055557695452,0.9128677425390842,0.9105974188782768,0.8339513635572658,0.9810440549295003,0.6427637911883227,0.5121987561296815,0.40218297278959364,0.6417103822959165,0.3634202956514798,0.4769885712439472,0.3182562221294452,0.6345247382285139,0.0989363279521082,0.1188974101780957,0.04128759264777109,0.20629899218910155,0.7463073420864682,0.7353861866558671
113,cozy-normal-year,Normal,Normal,4788.248649889511,0.822708875457869,0.7877135279927253,0.692446075277402,0.8824794107572994,0.7375965477904007,0.766501148759752,0.6607880670256554,0.8671871551133973,0.8992813527068567,0.9112712202205876,0.8351978779584984,0.9816038488652075,0.6410655700878658,0.5107422850498546,0.4001843970090611,0.6383521211889702,0.34460899887333396,0.47484726373010827,0.3215169915012464,0.6330914026534884,0.10257292142548105,0.11556818867281149,0.03889073080933011,0.20309401184662662,0.7425631940189652,0.7380631120237535
114,cozy-normal-year,Normal,Normal,4255.082933546739,0.8281295659446317,0.7786933466776984,0.6832298164418832,0.8715085162639906,0.7408590040013696,0.756289513122984,0.6494347569922669,0.8579825189123815,0.8875654426350303,0.9095293536405046,0.8320482226845884,0.9810351780540882,0.6389376842953863,0.5099668771477371,0.39989982734517937,0.6400385230430637,0.33571983273221057,0.46517675035788725,0.3164597120420926,0.6211477928504893,0.10119857345258217,0.11545313363835252,0.0381135514631428,0.20376499824986233,0.7408305151399289,0.7323618809300029
115,cozy-normal-year,Normal,Normal,3299.252799108586,0.8271735371813409,0.7744321361358033,0.6747908187536383,0.8707899628641114,0.7502921855021832,0.7406048673014437,0.6311061416222354,0.8454119898546166,0.8937554972048509,0.9070500985612137,0.8312648488264042,0.9794145234326097,0.6421572888162194,0.5045268508813069,0.39869965607079144,0.6331027990363172,0.3359357075257809,0.46689670271800515,0.3162739504955748,0.62307640168232,0.10863771707868496,0.12258749822476037,0.04471272040286098,0.2110454142957121,0.7440497048397198,0.7257832046595619
116,cozy-normal-year,Normal,Normal,4057.799904236239,0.8326133636520366,0.7804476648261823,0.6811056052070573,0.8760034391683158,0.7520895371478802,0.7371232653849749,0.6284158261387843,0.843276608223509,0.8880907807292754,0.9055011281525236,0.8301764778679455,0.9793515935871647,0.6402484046403087,0.49857221067166446,0.3953085232619457,0.6277157274398726,0.35481800261704766,0.45460933355145844,0.2997854130271335,0.6086562958791455,0.10192414471750941,0.12246131543059809,0.045703822678748,0.20893945879490666,0.7467882564487655,0.7233940705005283
117,cozy-normal-year,Busy,Leave,219.63111491926037,0.8496942530658108,0.778200166108157,0.6789953028060379,0.891514190823172,0.7299057232141418,0.7216967138797267,0.6111407624190632,0.8268038934667566,0.8719231544326348,0.9036933843350637,0.8298154707185902,0.9773103807404182,0.6449945409270161,0.5043767872919805,0.39571428253107827,0.6287476755101511,0.32543793908651886,0.44905619369195005,0.31218289110219616,0.6130287193431386,0.10645011991208063,0.13065388066649242,0.05616063187451925,0.21977070511477256,0.73815831509854,0.7182699644425947
118,cozy-normal-year,Busy,Leave,3785.877145566655,0.8548670446009793,0.7717137264529087,0.6606591685789638,0.8867298172941813,0.7172433826864929,0.6949920012577995,0.5867653026149839,0.8020237979241567,0.8661466828076351,0.8983028244148261,0.8229420966872864,0.9670149559178525,0.6459164998159994,0.498595729383716,0.3939638619950369,0.6162115187062113,0.33533291435445667,0.436468012396751,0.29946690028239137,0.5863623797362224,0.1393300865094509,0.13802655980585868,0.06301232875331911,0.22810050071241178,0.7327165021599317,0.70630117804339
119,cozy-normal-year,Busy,Busy,2105.147940285504,0.8283791693584472,0.7643485805893077,0.6540589502184475,0.8763603599738897,0.7277015166438663,0.709649061095669,0.5988867813236742,0.8153351592776554,0.8637541828038415,0.9027470502444079,0.8288138740389369,0.9734577596194707,0.6446166817237914,0.4981864080320529,0.39312409972071083,0.6228853560463194,0.3428845226759023,0.43559020676711663,0.29256567282231877,0.5871423273676153,0.14153253486820477,0.1365137007998619,0.061914533833236814,0.22192757320612644,0.7304871792895908,0.7095177977783993
120,cozy-normal-year,Leave,Leave,2026.5615653350094,0.8035252805875344,0.7562869366636226,0.6524806741804487,0.8654341055778929,0.7196453188284061,0.6976493664983852,0.5845636952431291,0.800643864221603,0.852703338283686,0.9010572982588805,0.8320912763507976,0.969526570969849,0.6444121536284146,0.49511727452286175,0.39288662652860856,0.6226503497766721,0.34033881492646106,0.42206422116164843,0.2778414775011088,0.5685703518367947,0.15026310550805927,0.14367356138094367,0.06591556765721693,0.2266173717570978,0.720603451541246,0.7020339219891693
121,cozy-normal-year,Leave,Leave,3577.3294735281575,0.7951945855242795,0.7475273020024978,0.639079536928983,0.857418089072382,0.688571064776164,0.6845663147856177,0.5750369980836697,0.7916518152518255,0.8607932345969325,0.8994509092715887,0.8299151686435841,0.9701590179564145,0.6485623686253795,0.4905329129450737,0.3919377744969459,0.6170335427084488,0.346425823428978,0.4108607594673144,0.274647936748884,0.5503329387125416,0.13702457606364848,0.14867759482274967,0.07097005973326864,0.2270862363397266,0.7156108004586813,0.6943988650415132
122,cozy-normal-year,Normal,Normal,990.4506669125789,0.7864183124161042,0.7593870694776376,0.6540454887733169,0.8703771317216619,0.6958055823700877,0.7095369198230201,0.6038342730284255,0.823712535297579,0.8602099940427156,0.905553192381616,0.836845048177183,0.9753404799100535,0.6510246393207126,0.4966980823631164,0.3973541485926447,0.6269456377430859,0.37881279772232174,0.42405006146588264,0.27559596009400317,0.5767815028033095,0.12557457207945827,0.1390952025011928,0.06183139830122664,0.21970709066598548,0.7208245834687873,0.7073922206272795
123,cozy-normal-year,Normal,Normal,4858.398657732359,0.7712329420913395,0.7567889983639172,0.6536728080480325,0.8655437053956352,0.6789694872765085,0.7130869566671065,0.605806206872255,0.8230755278957196,0.8680164313501295,0.9053415209620232,0.8354295041842696,0.9765911015929034,0.6507644034463302,0.49798530012286985,0.39690627568474723,0.6257963100591453,0.38868987617294704,0.4343991800593695,0.28245972195552327,0.5837409980658151,0.13795226485957718,0.13685457314093263,0.05997651146224385,0.21625739047574652,0.7152505521100735,0.709338163576783
124,cozy-normal-year,Normal,Normal,3546.9896825510286,0.7768163700645888,0.7597737260777856,0.655656776280085,0.8665430551318377,0.6565539143947005,0.7251611331435662,0.6144668561340062,0.8365488787870555,0.8702819936431305,0.9066636082928956,0.834912776308593,0.9783823868039663,0.6488233574991678,0.4986688167172083,0.39584266443137295,0.6253408815248893,0.3847761921369293,0.43991317690258247,0.2839008126529422,0.5894411131640817,0.13732223360510726,0.13379480628651233,0.058988358940415986,0.21353126632446343,0.7104267189133455,0.7141802551438583
125,cozy-normal-year,Normal,Normal,1996.6573660294182,0.7954691359842594,0.7691897942641369,0.6657937923588295,0.8776243091824982,0.6483012342598885,0.7413629118272669,0.6307825490075047,0.8558119063958843,0.8551895025535738,0.9089024326501655,0.8358429309403497,0.981351522345417,0.652533249100263,0.5041872435764992,0.40007232060402736,0.6462505918385448,0.4046833546128659,0.4584537792822787,0.30354447928407635,0.6024566485703093,0.13688071615886943,0.13206778702772012,0.05942307623575635,0.2084396189088653,0.711530070800424,0.723468473444913
126,cozy-normal-year,Normal,Normal,2705.0387775009594,0.7943180468298563,0.7627646406072335,0.6581330237031253,0.8694867769616229,0.6520893355554496,0.7392563790854275,0.629961570048329,0.852709087708491,0.8523307047053356,0.9081984340649012,0.8350387095066617,0.9795729437316518,0.6515336902952055,0.5057078624299238,0.39911939456715345,0.6457556778363506,0.37496610074376696,0.458809472023,0.30528237017483395,0.6071132465096036,0.1271292124161086,0.13487055117622204,0.05969645612069492,0.20988003306682476,0.7092444635467401,0.7216466616873348
127,cozy-normal-year,Normal,Leave,3349.4101520939703,0.8147602652776726,0.7541439154135033,0.649781258408355,0.8564918769078715,0.6466230977588657,0.7197815948627835,0.6091562799728979,0.8307564416663911,0.8548211827073597,0.904586314083096,0.8296195507418311,0.9803422825267464,0.6465476579252739,0.5011306812433222,0.39610712323693537,0.6190289722121827,0.3787494921692119,0.4457330092057827,0.2855385766066867,0.5973810216313006,0.12627595564316627,0.14124797190389807,0.06484170909964598,0.21811555051090448,0.71175933257351,0.7116953091279234
128,cozy-normal-year,Normal,Leave,1092.1246863874417,0.8141312264680688,0.7424719647317712,0.6413474255569491,0.8485905374109473,0.6499347042455309,0.7055589447486025,0.5954193717498097,0.8149278983320093,0.8615469245142466,0.9040557042026759,0.8256113168795589,0.9805308235747277,0.6495512799509834,0.4995300311863395,0.3921503177200454,0.6126923497945784,0.3799557040989913,0.4385494063822448,0.28879791253436665,0.588306178047268,0.12083204941731293,0.14615849975620046,0.07435811054934284,0.21978054614649584,0.7149768090297997,0.7043952203956458
129,cozy-normal-year,Normal,Normal,2808.2693335983545,0.8109207652966854,0.7378088860539267,0.6345801988548491,0.8429108016541869,0.6589680372424059,0.7040980565263273,0.5967377720370486,0.8167659313569373,0.8597973952348305,0.9048020145752209,0.824931700289004,0.9813819722295646,0.653033720061791,0.4977407453911428,0.39101308144832714,0.6211096622688406,0.3864079740144281,0.435890702044117,0.2833307795798939,0.5806392703832455,0.1275771344674009,0.14620674346608184,0.07070048427518051,0.22324996449522191,0.7168997850157045,0.7027563386771604
130,cozy-normal-year,Normal,Recovery,1227.6779143021372,0.7761992594106022,0.7461998429665324,0.6457966092791999,0.848015575915818,0.6495931342921594,0.7168654966112505,0.6119473800812529,0.8230370228062103,0.8442413590837216,0.9097390292930264,0.8288133050579833,0.9847850277846713,0.6558776285581813,0.5013975600521772,0.3920109434799153,0.6266301090026836,0.3753737676624285,0.43413679421897033,0.29141276526348314,0.5731264219040829,0.1255418860991058,0.13661824450277837,0.05922241700179456,0.21480245953769597,0.7046397684859581,0.7097969842675511
131,cozy-normal-year,Normal,Normal,4743.230651852688,0.7819690057809396,0.740427760677581,0.6375996308264034,0.8402802561067827,0.6561238340126385,0.7143730360793361,0.6094989529409354,0.8204809579596058,0.8434650361875475,0.9105661414833249,0.8285856266142854,0.9841614417364248,0.6522666552810169,0.5021301395173938,0.391962414090512,0.627476081263412,0.38233066546487865,0.4419123987897969,0.2969556465897345,0.580980771567607,0.12880967398115437,0.134442326348554,0.056671646241651066,0.2116332138621992,0.7070164574292221,0.7094904377932689
132,cozy-normal-year,Recovery,Normal,3623.455795026552,0.7737172010939662,0.7573927329206073,0.6539100985298739,0.857693169254857,0.6942109964070265,0.7299084053237203,0.6234427780038934,0.8382604010236736,0.853783483320402,0.912060561183376,0.8318578081536396,0.985187934318928,0.6452887655827809,0.5006924644296745,0.3932200712268264,0.6269094915928071,0.37014926008233984,0.44289613249854076,0.3002169529035298,0.5856107098137588,0.12868256916268744,0.1300165812571407,0.05354019320050901,0.20943744354583166,0.7146729061487846,0.7170476162511878
133,cozy-normal-year,Recovery,Normal,2832.7634700527865,0.7591942040200665,0.7573775300402893,0.6542973745991332,0.8605162787644888,0.7330015066664941,0.7352891276557864,0.6275672699720253,0.8448978701049743,0.8676770206538537,0.9125427784385881,0.8328500272863998,0.985308347190772,0.6396044136763774,0.5025812208398311,0.3923883494896019,0.627198934183272,0.38699467455020975,0.44461419338449937,0.2992022244076162,0.5891793015618423,0.12391069196148317,0.12697210540393128,0.04900154700842346,0.20582438360677807,0.7259557887136014,0.719282139075191
134,cozy-normal-year,Normal,Normal,4928.129996162991,0.7748421325620397,0.7502101857106983,0.6495151772416449,0.8505452659895936,0.7565855144830559,0.7272435435505521,0.6209151059015273,0.8345000120854051,0.8562361690771987,0.9109676135558653,0.8313850026376669,0.9846982030112656,0.6384024198747945,0.5045145803275872,0.3905331010987047,0.6255505369690145,0.4008836378653746,0.4506803532257821,0.3069711840460843,0.5936351020167984,0.1363550889386576,0.12688953513514953,0.048706589493715216,0.20459899261327888,0.7324712747486635,0.7166504602204717
135,cozy-normal-year,Normal,Normal,3612.2391261061393,0.7724808367364839,0.7397538632643398,0.6378275027300231,0.839370794144918,0.7453095353948601,0.7171947708393862,0.6083879650338533,0.8231657056738992,0.862136162327061,0.9082835967450293,0.8258265598996499,0.9835494689336417,0.6416000890945452,0.5011320974671336,0.3874170081192737,0.6198829621150452,0.3920993057836213,0.44448054319697483,0.2945888274705529,0.5858166013569119,0.1379729449880255,0.12821086348497857,0.047329225300772236,0.20744946069263842,0.7297908103192174,0.7103640164443443
136,cozy-normal-year,Normal,Normal,2977.5223197896075,0.76804093410695,0.745844561079334,0.6477315099673012,0.8458901340022283,0.7378105977319355,0.7216548551431233,0.6127977899855757,0.8269785168617518,0.866188733721608,0.907767896455084,0.8270237732223376,0.9835565849696063,0.6375732318347451,0.5011658389791143,0.38703165304776876,0.6199059678266987,0.39081488629205363,0.4520550042471421,0.30419194761556023,0.5957873050538606,0.13130547320198624,0.12606166847530717,0.0460211687784601,0.203089755958954,0.7278085715820429,0.713525731927391
137,cozy-normal-year,Busy,Busy,1231.6216486681108,0.7781622887993758,0.7381943990411911,0.6422282211770474,0.8352302041477709,0.728614115031968,0.7260745896412771,0.6200837278646735,0.8346782193510993,0.8851415516593145,0.9089924301430397,0.8255198069896024,0.9824908375412477,0.6345047253093646,0.5087629080591654,0.3914191605180717,0.63470318699647,0.37550668894194733,0.4643958740769889,0.3190347336464376,0.61092773523495,0.14876473144297908,0.1283541497669727,0.05010689270712422,0.20896480737244674,0.7272010697625572,0.7158423217275796
138,cozy-normal-year,Recovery,Normal,3009.067982327008,0.7806317402824935,0.7386439898095791,0.6398201630356544,0.8356346938025564,0.7091185755252803,0.7366663836423254,0.6318017580072415,0.8412924052974194,0.8873877688409469,0.9112940550935175,0.8277281856011511,0.9841386832647168,0.6360926604451177,0.5112046703771375,0.3925798384458065,0.6347680125427316,0.3836921811390541,0.4672359269117233,0.3253318886594197,0.6098551934588639,0.14316462804122085,0.12291924021900763,0.0467358957295064,0.1999523132144424,0.7249354136927512,0.72027810029374
139,cozy-normal-year,Normal,Normal,4789.626721837898,0.7687094325553593,0.746174808391665,0.6481060733759277,0.8443325465147253,0.6906664224925315,0.7338687395737694,0.6283455740725127,0.8409168727362293,0.8837730174796677,0.9090949115228215,0.8286765008312206,0.9830526189564593,0.6382818839405738,0.5064196553635523,0.38960281154419174,0.6234191467251571,0.407693688445896,0.45946191600640207,0.31215355899056063,0.6037736256980251,0.1630095072665073,0.12274142966097923,0.04606687247484466,0.2009113636916753,0.7184593634119207,0.718891445361281
140,cozy-normal-year,Busy,Normal,2983.430574011029,0.7694231275180993,0.7407943429947869,0.6396997749391602,0.8397772253934218,0.6870691506394053,0.7304049776337493,0.6247426721309165,0.8341529080949428,0.8786992648377607,0.9089567693976012,0.8291398928645342,0.9811542221992976,0.634511210440065,0.5062564883201058,0.39032562186357067,0.6218176999398803,0.39895205885988494,0.457176245089979,0.3130096806933795,0.6061026178067782,0.17039327922601907,0.12593340152865698,0.04842951439351472,0.20169440707765984,0.7143704958030571,0.7164326649652681
141,cozy-normal-year,Busy,Leave,1905.6631321002592,0.7822468884023241,0.7317508845007922,0.636594600595674,0.8248000939783632,0.6939029217504288,0.7254996836083704,0.6191029753034852,0.8313278155672904,0.8717471004081191,0.909513890347037,0.8242669670489945,0.982094187038913,0.6299891851145203,0.5072596708157496,0.39325888710882184,0.6289479472341463,0.4243587705373608,0.4528012377344238,0.30375014346378554,0.6058997927992065,0.17082326334404369,0.1327156800359663,0.05603986952202632,0.20488100387063093,0.7190249984746779,0.7126909736593525
142,cozy-normal-year,Normal,Normal,2031.228573131897,0.7724491461009997,0.7411464732743286,0.643370288621539,0.839315976839422,0.7175608285361202,0.733923027681928,0.6279551787535192,0.8362518088986484,0.8624419134993222,0.9081405766040622,0.8220150733664672,0.9828951964040756,0.6343833556211527,0.5105822523787825,0.3949244649169754,0.6229295771833866,0.42610495618944777,0.4697617487284475,0.3141910578716595,0.620296399785536,0.16887178343112222,0.1297873280611306,0.05105948668994712,0.2046874236907473,0.722405139869186,0.718903457365295
143,cozy-normal-year,Normal,Normal,4962.4362531388115,0.76820325231374,0.7361553590867179,0.6396214302221396,0.8344491784986919,0.7115509853261099,0.7301405085568458,0.6269047890786885,0.8336731203570225,0.863715772754535,0.9090616668421221,0.8252890924338832,0.9846959413255058,0.642417040777478,0.5099572602907052,0.3909273620203083,0.6233087093446339,0.40455108467736284,0.4637964926468002,0.30986383615502266,0.6181902019562233,0.17064151588625645,0.12659059436642398,0.04799625460976136,0.2026477016916341,0.7191306805491884,0.7168071415442636
144,cozy-normal-year,Normal,Normal,3412.1932054900903,0.7663056945299164,0.7365905289969888,0.6425498696137865,0.834027456026803,0.6987090375439716,0.7194379354460796,0.613182346129587,0.8253703640653389,0.8625365377875818,0.9060957096167555,0.8225357867869033,0.980372255612468,0.6420791416051224,0.503972004557937,0.3852884615651193,0.6198721847525641,0.43057764562464845,0.4490760049823371,0.2962889840752705,0.6034754285288804,0.17619741121638963,0.12645328180628254,0.048331469392414575,0.2029823621560261,0.7175960545127862,0.7110534741010278
145,cozy-normal-year,Normal,Normal,2463.950276759535,0.7668345323408104,0.7312638421430562,0.6375692137075696,0.8273970074110345,0.682728931189301,0.709306578007799,0.6016966069597252,0.8169733910230428,0.8473304775104492,0.9062493131715562,0.8236044642080018,0.9826894830656859,0.6398191023850883,0.5045114284031598,0.3851478267845829,0.626867171388153,0.4301852449469338,0.4539544436218502,0.29958043725226047,0.6072580662455296,0.16414358517505542,0.12636505699162964,0.04947164132423285,0.20371953491795391,0.7114556189290322,0.7082243103657572
146,cozy-normal-year,Special,Normal,4746.5082052312855,0.7713858723337929,0.7299973335625838,0.6349737041292104,0.8264273679469742,0.7101316348883847,0.7018332206531043,0.594026302088185,0.8113852514108502,0.8570215703804867,0.9051153161917515,0.8220888194026933,0.9823962400694585,0.63912594222083,0.5015544040026717,0.38035180478932284,0.6272429058532203,0.47769580656760535,0.44557281300145235,0.2922418092884237,0.6036419699400281,0.14723548488090132,0.1252804440645767,0.04694362295598434,0.2033476112805186,0.7278698208079556,0.704614558107021
147,cozy-normal-year,Normal,Normal,2112.367371085205,0.7707676146965312,0.7283872837888785,0.6318765423246389,0.8256851841646261,0.7207669352692379,0.6909415551058141,0.5844245135060789,0.7992816152879144,0.8581131150370231,0.9018007696177542,0.8195431278426839,0.9774162574910005,0.6451586769224349,0.4946343752426077,0.37564634192776514,0.6255748642491763,0.4427466295688941,0.4368377917652105,0.29010437152308816,0.5876088695751162,0.145219339818523,0.131239665866604,0.048281181619157655,0.20882595105829446,0.7279581110484052,0.6982749443283325
148,cozy-normal-year,Normal,Normal,2119.7250282012246,0.7813525433691486,0.7312589139861216,0.6329168718018214,0.8268080895929366,0.7159087433979976,0.6972077419607404,0.585163799532592,0.8090241765954099,0.8550963679560888,0.9031260617151486,0.8221492060989993,0.9754918538825978,0.6419571541337604,0.4923478008332061,0.3746263576805791,0.6099876193711308,0.43978914365265454,0.4411976134174182,0.29210250538062,0.5911389383993851,0.15026269589295774,0.12798277765110902,0.045561607654560535,0.2046278874063303,0.7267035981210618,0.7010628601948348
149,cozy-normal-year,Normal,Normal,4836.816751601233,0.7723520294955774,0.7378564540036967,0.6395289819834081,0.8361045062285479,0.7234309079250306,0.7048535666634816,0.5983617223114636,0.8164884692103719,0.8604796765144945,0.9027753003834852,0.8234127705945397,0.9764170001973193,0.6407600118705017,0.49095798049054223,0.3745789990984856,0.6067574248738157,0.44997649354933916,0.43757623012695535,0.29095741972156464,0.5831153317676776,0.15164547523776134,0.12530800291729347,0.044136435717851946,0.20442060893255268,0.7288314962592919,0.7037384753639553
150,cozy-normal-year,Normal,Normal,2806.366014945654,0.7782102060879246,0.7509757400418984,0.6531125537277602,0.8496052785449291,0.7109085431318413,0.7258925851048321,0.619499063352266,0.8439636923485513,0.8575477516504363,0.9048936642159449,0.8277219557195348,0.9790075442398933,0.6289535795324496,0.4957638622418249,0.37656110800397946,0.6079209162230723,0.48227939785814566,0.45552623508235346,0.30436899291347147,0.6040871776913709,0.14888594939488461,0.12128865275282742,0.039544213698697345,0.19973157648987333,0.7281092347589736,0.7149287508694069
151,cozy-normal-year,Normal,Busy,1620.5481990058454,0.7845152085448851,0.7401649396212118,0.6408479912383984,0.8444003081661375,0.7122212658315948,0.7117100666927497,0.6036932205228023,0.8258077336377817,0.8602226715165214,0.9016051743174448,0.8234145220628024,0.978718265756486,0.6324013031693483,0.49322727634301894,0.3751413492271213,0.6054737561592146,0.5280041653896108,0.44706632917536415,0.29858026401972193,0.5986538554790631,0.15434551206360453,0.12628204029527207,0.04641024733997208,0.20171857586715825,0.7351427037928748,0.7069436970631404
152,cozy-normal-year,Busy,Normal,3924.2746498270235,0.7937657642601388,0.7334909625021737,0.6327539508426766,0.8359249686335406,0.7172068321533402,0.7150946757829806,0.609474822997805,0.8263570183064243,0.8344260233963944,0.9044495347620197,0.8273055130596392,0.9793561898733384,0.6319660705817167,0.4955197128593979,0.37471895737249855,0.6202081789496028,0.5110743742798819,0.45052227567552683,0.30137737007327287,0.6093886754566684,0.15732589379451808,0.123441052216604,0.041661125291678945,0.2018144655661672,0.7306649133688489,0.7081884483086914
153,cozy-normal-year,Busy,Busy,966.3649501392542,0.7899771299444576,0.7314750996531786,0.6333900170493361,0.8337411783383814,0.6658092094063192,0.699559624500969,0.5925177109735402,0.8127392190404917,0.8450609821994192,0.9048135995393494,0.8217468731465742,0.9777559355587483,0.6295305905804041,0.4950908639227277,0.37269750490923703,0.6169638196107146,0.5016085022728691,0.4486361758112513,0.3119984142998355,0.5983682394723484,0.16947673248427222,0.1337620689152786,0.05498500172557656,0.21325327491228588,0.7166145386759191,0.7027064546460305
154,cozy-normal-year,Recovery,Recovery,953.0042650507382,0.7945138648846979,0.7524182946636843,0.647068474768687,0.8491811648332644,0.6707967533502531,0.702577278631184,0.5971528352816498,0.8167616830032248,0.8390828511006214,0.9048779112565067,0.8298768902051399,0.9737453193636474,0.6321195904218818,0.48696915928680023,0.3708817902758786,0.6045397958747453,0.5250351553126839,0.44037058478658,0.29906361236420204,0.5956572540175956,0.16090203238160236,0.128862580884359,0.05054924977251912,0.2100661800702062,0.7213310525506693,0.7055247666725364
155,cozy-normal-year,Recovery,Recovery,1689.8168686153113,0.8029351317850665,0.7517702358558971,0.6433678831313502,0.8508161500823169,0.6947220299108802,0.7297164321844185,0.6229494706327061,0.8424675028568915,0.8440458555349587,0.9133174762514995,0.8385625731243008,0.9827922283259821,0.6378603324858024,0.4945598047686264,0.3709077271240136,0.6171562815512841,0.4920614945473487,0.4584152378325514,0.3180954711666899,0.6148728984918762,0.13488227920157675,0.11917922100058288,0.042603711347780016,0.19904972903209925,0.7297141919838028,0.7180485685749686
156,cozy-normal-year,Recovery,Recovery,3289.5355004643147,0.8168115212244946,0.7528376899863372,0.6432464902125057,0.8552196952873757,0.7171360574876965,0.7291045632680575,0.6239788470357328,0.8401094543223417,0.8570235382312699,0.9140963771726683,0.8383620427607934,0.9831953853946394,0.6397604086297767,0.4956446409555196,0.3677245377412511,0.6174243102475908,0.47684243362142925,0.4697668503863872,0.3204595652457449,0.6234461852998491,0.13384558903535804,0.1201295917221966,0.04216427494060584,0.20020691853808636,0.7391445700141729,0.7195707373722549
157,cozy-normal-year,Normal,Normal,3574.1377159730946,0.8513190781969772,0.7714508954098226,0.6592894568264823,0.8748221209416467,0.714393644237235,0.7409651706962193,0.6350407083591753,0.8460251785645968,0.8601689413101773,0.9111311810223169,0.8355210286416931,0.9838760488152997,0.6320187425077457,0.49662965105407164,0.3720472258296633,0.6112935448911585,0.49086026099183205,0.4804724221780199,0.32982236748216026,0.6331752819737524,0.1365027325466224,0.12304725795082273,0.04227305902313446,0.2024488446599313,0.7453369876524787,0.7263366748654377
158,cozy-normal-year,Normal,Normal,2147.836293238359,0.8354422524778293,0.7661984135240657,0.6524964974982733,0.8677631003821231,0.713189676014437,0.7300860771135811,0.6236846550341735,0.8360795053919612,0.8612364922570878,0.9106270990869489,0.8329733983567973,0.9838152481090872,0.631358340116139,0.4936308205869255,0.37045920998636594,0.6081773165454264,0.4958164188204282,0.47406813518752333,0.3187957619920428,0.6255294107402044,0.13738540705920943,0.12791212103261018,0.0482805956183831,0.2093236002960559,0.7427429226839445,0.7208998675913915
159,cozy-normal-year,Normal,Normal,4184.340670282398,0.8545375706846812,0.7543002354948283,0.6463673108481538,0.8562993387177834,0.7188386403045716,0.7211715453930158,0.620844497199086,0.8296673601482065,0.8611849310450144,0.9085174462855719,0.8318654664531222,0.9805110484640231,0.6337731745763686,0.4934708257411492,0.36699793331237424,0.6078750378068204,0.501596309890557,0.4711663875279061,0.3220757446360328,0.6183165470963689,0.14704672215982326,0.12657197037904744,0.045679625118675266,0.2068648842154748,0.7476380388125863,0.7158968557031863
160,cozy-normal-year,Busy,Normal,3020.1025375542167,0.8542812258357138,0.7430449469930904,0.6312306176509583,0.846336275371504,0.6924668860378804,0.7234598241028887,0.622133820636085,0.8298766638367302,0.8593954512045847,0.9115193511891986,0.8332081131865764,0.9829769213043152,0.6337495258145108,0.5008920589401274,0.3691961635673046,0.6202439294169667,0.47324422940236205,0.4832116010840881,0.3374618667351065,0.6292067516990201,0.14897140495839606,0.12390633281089979,0.044051893938402684,0.2045893022303107,0.7373260812695575,0.7178222889908983
161,cozy-normal-year,Busy,Busy,1299.8672665773813,0.8467857221377623,0.7416188186631211,0.6343764102851789,0.8513506615093381,0.6894251510189573,0.7086546999050147,0.5999027646976036,0.8159879552854689,0.8523982856677368,0.9074243911045485,0.8274615620834208,0.9792951570156904,0.6307447657368768,0.4974313680326186,0.36875254302254107,0.6159224620187577,0.48197738956347275,0.4725350440155662,0.3175182976141081,0.6207121082993722,0.1471699329037357,0.1389901215045153,0.057145540789980326,0.21635368399651272,0.7344770569525926,0.7098088021330049
162,cozy-normal-year,Normal,Normal,1731.9051691024822,0.8368163086000557,0.769836684224918,0.6539845751463116,0.8779054208803106,0.6990215556420042,0.7248642524802147,0.6187083371385136,0.8312415277185939,0.8607533752972599,0.9070217401741266,0.8292899481381063,0.9784606002524554,0.6303592617914873,0.4921614235194075,0.3668113179622364,0.6055412659950724,0.47416676651102885,0.4659848441155148,0.3204226140564885,0.6116785986270795,0.14142740980704469,0.13865930657049563,0.05583837343647892,0.2140832117913533,0.7364060847401097,0.7173292442741266
163,cozy-normal-year,Leave,Normal,4341.509389835084,0.8300431101876173,0.7667788397128661,0.6537301958708721,0.8761441509754934,0.6669723042046775,0.707940241144312,0.5984949572513334,0.8162915047815559,0.8561907262170056,0.9047972866644909,0.8258103841175288,0.9759599963630547,0.6298179927446356,0.4849129783771121,0.3643997173825896,0.6014897328813288,0.46714422717502263,0.4540705375528353,0.30501139739707456,0.6082566400091731,0.14036725688857757,0.14293191908690595,0.06133163062581588,0.21907897396057335,0.725508999267878,0.7092053525297513
164,cozy-normal-year,Leave,Leave,283.25175502110966,0.842879968986178,0.7485306774388568,0.6329590684235058,0.8558368362068658,0.6667028689326684,0.6898541364767165,0.574226815641374,0.7984442330751286,0.8648730682210053,0.9108789102985493,0.8273859421521377,0.9797758471079352,0.6287276471083175,0.4869065377209518,0.3619960906938275,0.6129124848177454,0.4585983266137679,0.4487293644419142,0.3002275769122364,0.5996908413290657,0.13847521798996226,0.14975636760856853,0.07039900054965853,0.22183708635614727,0.7285634429607293,0.7016644774809893
165,cozy-normal-year,Leave,Leave,4226.112500174412,0.8202359226345473,0.7403561915516073,0.6304825230835159,0.8471675473437615,0.6688409941646105,0.6902239672631326,0.573262329873746,0.7959629172508971,0.8694436996396493,0.9122065915789653,0.8311795423794928,0.9806479402126133,0.626016464483415,0.48795545555167896,0.36051132606010355,0.6221952434429214,0.45726177957590297,0.4473778715727404,0.2985525048023446,0.5978724419931077,0.1379697368479332,0.15059126741294732,0.074763326800773,0.22364608825529983,0.7254059109292034,0.7004867366308408
166,cozy-normal-year,Recovery,Recovery,544.041856119242,0.821073873094829,0.7756022270774869,0.665693816146296,0.8853899548265666,0.6709563471440465,0.7230341316400569,0.6046683833837376,0.8355875774622754,0.8625600598305632,0.9094721032161518,0.8229660940133011,0.9849807779378724,0.622066816039968,0.4795526748502187,0.362546993627651,0.5955840778144496,0.45087399734863154,0.4525141886454139,0.3031853817782115,0.616008893241052,0.12329828883604424,0.14315698696241377,0.0679276596482016,0.21180335858480576,0.7248413973003334,0.7144506444579813
167,cozy-normal-year,Normal,Normal,3973.7708039984577,0.8206997684954638,0.7971610692090421,0.684651600995938,0.9086414652112806,0.6758270616849371,0.7356367389966251,0.6210040858433269,0.8430061199603431,0.8657234791613057,0.9031798929757509,0.8155372679094657,0.9820140937127851,0.6203933437762693,0.47176537261693735,0.3610563855039738,0.5916375924930133,0.43793928295227064,0.4465782119422027,0.30423061434678494,0.6050921502589943,0.135966142136779,0.14038209963996015,0.06599479400455503,0.21016107004185264,0.7236670614979539,0.7186020087702902
168,cozy-normal-year,Special,Normal,1481.6642823738712,0.8088615039404494,0.7964200288049885,0.6858848521450619,0.8989161578009065,0.6951680867046306,0.7357505073086709,0.6280365049201966,0.8397676153597664,0.8578521483450497,0.9051498863747517,0.8211800431115615,0.9847345130388336,0.6183519830125965,0.47062220692881335,0.36033234034823614,0.5901329339903383,0.4392624994731839,0.4546965919680166,0.30416502000305845,0.6113652570318827,0.12837034097730227,0.13635462247194338,0.06145175713275708,0.208499891092991,0.7253756801807839,0.7200039252649137
169,cozy-normal-year,Special,Normal,4495.508563159397,0.8131001905952202,0.7875535641636389,0.681763691292378,0.8932515931305924,0.7053720668453679,0.7420189294792296,0.6348623644731266,0.846209417370639,0.8704380195182609,0.9105507248626957,0.8285085936692996,0.9849191605219773,0.611103286429684,0.47587697959971903,0.36070627674200834,0.5940063240245753,0.4783684977553008,0.45845716494761807,0.30506112662381224,0.6193234801085428,0.12863168137355496,0.13100317152982563,0.053057677952017025,0.2051879602404975,0.734322547366611,0.7228448066190121
170,cozy-normal-year,Normal,Normal,3616.3300619288507,0.8556297652104922,0.7836703941747132,0.6804336143296309,0.8863378848218622,0.7225808843870745,0.736787524330762,0.6272923132941736,0.8432675083984383,0.8636861715484021,0.9092760616078681,0.8291261274286222,0.982210460462082,0.6097600296916754,0.4745683619653782,0.3583316125779173,0.5909272587904373,0.47752610563024894,0.4552694903875214,0.3004792362561095,0.6094779090991077,0.11528831665004137,0.13301082246972287,0.05507400794068256,0.20753069733778798,0.7459564578493291,0.719822263965828
171,cozy-normal-year,Normal,Normal,774.9493321859146,0.8301457121026499,0.789140955334305,0.6861674663369071,0.8890931582108179,0.7268935736028417,0.756369862624876,0.6493528318848615,0.8570601219093292,0.8637510794879243,0.916663985840981,0.8383888416449741,0.9865192484824861,0.6081002345300961,0.4808589283879721,0.3619225839913837,0.5929917163648804,0.4946625998055269,0.47642721750899764,0.3111365316665894,0.6308205128389797,0.12154610813050584,0.12424812211146694,0.046552950166043286,0.19783561753748546,0.743454150167145,0.7313902450415086
172,cozy-normal-year,Busy,Busy,705.0051960299161,0.8352551607528304,0.7754239963682288,0.6676228672240759,0.875962099863649,0.7200717471352556,0.749869660463762,0.6433882676276438,0.8542791265363469,0.876058787590111,0.919044972283942,0.840317293319462,0.9836335486609972,0.6060536547445092,0.48059566058528813,0.3649831723207116,0.5900772332042573,0.49812695837746374,0.47770708393078826,0.3190062714205825,0.6447756308982413,0.12970380747057772,0.1299444538525904,0.047666497366202105,0.20362436634511133,0.7443677926709305,0.727301368459784
173,cozy-normal-year,Normal,Normal,2417.038446600455,0.8248990033770599,0.7678309419499387,0.6618141545672958,0.8711845856667139,0.7194511790371401,0.7306583763640432,0.6187253108818657,0.8371768352026981,0.88881954617108,0.9167501880924883,0.837614187723657,0.9843709455997798,0.6029021590033209,0.477780944397859,0.36082488962070325,0.5884897242593434,0.49293637140647045,0.46488047831616136,0.3126847006427437,0.62731880837496,0.1396028772298007,0.13154445708657775,0.04903374628473908,0.21034994958969958,0.7428355831736347,0.7186515592702748
174,cozy-normal-year,Normal,Normal,4145.587580485704,0.8102109503552749,0.757173607799297,0.6561168180158508,0.8588738306121684,0.728557282421488,0.7348792958578527,0.6245182407278526,0.8415281548177972,0.8961407455029028,0.9190103977964197,0.8433451526141499,0.9840723446956599,0.6045996792077695,0.4828780619303205,0.36375886165912014,0.5915388476694476,0.4968810825885058,0.47265578054771956,0.32062597333591536,0.6315207768207716,0.12237008241620323,0.12819438278224565,0.04863357764527824,0.20655657930135973,0.7463613002862605,0.7202463404184966
175,cozy-normal-year,Busy,Busy,1050.7590143735483,0.8047721448040182,0.7508321574499316,0.6531688513019933,0.8543896229554042,0.7220902597053671,0.7217302689594659,0.6203836059629124,0.8227811457788616,0.8904322118091536,0.9170721359777204,0.8358058954307296,0.9846098462681845,0.6088098015193786,0.482809359657508,0.36085667417946327,0.5924069300598934,0.48228855014771405,0.46054927290598313,0.3061795206104505,0.6182878361362232,0.12733864519816068,0.13218349007904073,0.055024778445997735,0.21100305825802307,0.7411954375924287,0.7136883513333535
176,cozy-normal-year,Leave,Normal,5013.345363722031,0.7837683229794414,0.7456364777882352,0.6455651400743708,0.8491689608663152,0.7198012663812385,0.7182908899755539,0.6143951560552808,0.8235271323998201,0.8894149307555954,0.9179557217686861,0.8386445004862298,0.9830165507923597,0.6027514951499344,0.48218744339766945,0.3610137324379292,0.588634975512047,0.464831339243642,0.45883818128880743,0.3072572988528632,0.6110772519185989,0.13136117198864553,0.13459250515486626,0.05269797988969156,0.2136584384585033,0.7333471702246538,0.7115413732194174
177,cozy-normal-year,Recovery,Recovery,806.8590123504717,0.8007330005442053,0.7415824022438197,0.6525413368089451,0.8432840264184988,0.7243303816832682,0.7275205341879832,0.6223470422713152,0.8339058626003902,0.8771209121794492,0.9223478944819848,0.8471416269076326,0.9850452167541967,0.6031919849256914,0.48323437668569313,0.3612658588824717,0.58518749541209,0.46317779720245583,0.4617265879119873,0.30666884592549726,0.6069834355521397,0.11534897951939162,0.12543274237044802,0.040273919855876916,0.2028008830045596,0.7365640952831054,0.7153986955502651
178,cozy-normal-year,Normal,Busy,974.3783123109081,0.783133928544142,0.7329232462459656,0.635766102247088,0.8321609131250189,0.7115974263634977,0.723828146332703,0.6239090568264691,0.8270637319255207,0.8788793149384055,0.9230092461594537,0.8502409707325496,0.9866085334203881,0.5999352343632699,0.4850807653908303,0.3647935904833919,0.5863949263148812,0.470052503238104,0.4634287282146032,0.3152431679284498,0.6098980546214335,0.1289664897868286,0.12866874756247842,0.04223628505472591,0.2068048800358174,0.7294380905921329,0.7132082779492316
179,cozy-normal-year,Special,Normal,2571.5455548570217,0.7984190180812925,0.7381113060476449,0.6432125218444193,0.8412834081157957,0.7213822853393005,0.7293434176678201,0.6288181015198613,0.828926386667867,0.8990771340461781,0.9236496140567748,0.8518443638528342,0.98623043293724,0.6050395739439348,0.4885798940420461,0.3665801221242118,0.5888635610313521,0.499600463532229,0.47150482794508763,0.3285018667256401,0.6210602100738081,0.11521837927861756,0.1260572158801473,0.0404351335331149,0.20715889264709786,0.7441169662904064,0.7173584048495585
180,cozy-normal-year,Special,Normal,3677.207743636663,0.8224096075013065,0.7372373768011026,0.6383718798393859,0.8400164390640876,0.7200758126238906,0.7275907604600264,0.6286690903872844,0.8348518666001308,0.9096503537178534,0.9235434321160134,0.8509627229411189,0.9869494719480206,0.6020169395578041,0.4877118209927786,0.36643395916057603,0.5874160947631105,0.5093549586881415,0.4712711869679315,0.3185662978780944,0.6177478291251465,0.12624026906022576,0.1284926696924139,0.043636541494179434,0.20777472431930308,0.7497104821287002,0.7163335593184833
181,cozy-normal-year,Recovery,Normal,996.5586556667276,0.8247776334406426,0.7467131814519924,0.6460453985976758,0.8444158544141646,0.737212061567259,0.7302833030689606,0.6291666356000968,0.840238711118284,0.9047958575400099,0.9204946717778373,0.8486686907841771,0.9845268472734324,0.6094905065472987,0.48586334347601884,0.36171422394240316,0.5863360404932103,0.4665213355543066,0.47368567967624414,0.31327579316415793,0.6236610976075287,0.09662700491676282,0.1286386382319962,0.040854276324559013,0.210663705057204,0.7528952883859977,0.7180578286815165
182,cozy-normal-year,Normal,Normal,4880.031699632747,0.8328116803605563,0.7392489296893876,0.6369227617978329,0.8398166988593366,0.7371109020628249,0.7229773157007741,0.6208416664435066,0.8301070133835999,0.9100817027128811,0.9204584828834413,0.8485343068871775,0.9852929517179445,0.6057209756709226,0.48628229208012375,0.3649573597156685,0.5860965287372053,0.4470714796739162,0.47853173932910853,0.32733260530641384,0.6292225747669871,0.086697758247389,0.12798082107426634,0.04028789320542687,0.20851969234317363,0.7536236115699222,0.7155464087975667
183,cozy-normal-year,Normal,Normal,3278.7695547419858,0.8275051878259458,0.7432162225423448,0.6417939390313464,0.8436931809832983,0.7338837813862464,0.7109537763119186,0.6094827851007018,0.8171582809337021,0.9029738225486241,0.9162464015368595,0.8450095206342946,0.9843072168162587,0.6068578850118652,0.47867374107732297,0.35873075004406363,0.583327722409564,0.4280797147170823,0.46176189396121675,0.3075759764090932,0.6110514573952704,0.08914967453541581,0.130238078923594,0.041721306834394296,0.21331509113289426,0.7482877064321926,0.7091244434587198
184,cozy-normal-year,Normal,Normal,4759.892318379108,0.8211183572645747,0.7495763673874857,0.653015829369364,0.8458497276176469,0.7293314078249392,0.718124149791963,0.6170985472604421,0.8214908638048617,0.8892131539004925,0.9167070865163108,0.8449327768797077,0.9840461654896504,0.6065399715548133,0.47916389102776363,0.3585307106381204,0.5826445636650939,0.44332097647295254,0.4697989075973543,0.31549987457214757,0.6181834763136785,0.0822334461072817,0.12794433488033125,0.040919072829464734,0.21022883261634925,0.7455651452940235,0.7133458697931183
185,cozy-normal-year,Normal,Normal,4043.9803081262426,0.8159761465922708,0.7436062293129097,0.6458753814668305,0.839920267015956,0.7347590445672654,0.7135154970822575,0.6158124263761198,0.8175264295224838,0.8810459343475517,0.916800342514236,0.8424849734579413,0.9848681805583668,0.6096643197867473,0.48156716698721863,0.3624984640222067,0.584480182477124,0.4570976644683109,0.4769907917341055,0.3256045242216904,0.6259091350407593,0.07765828062359428,0.12559146638881308,0.039331296083607616,0.20697720525070176,0.7468358605929698,0.7125486512195607
186,cozy-normal-year,Busy,Busy,756.0059552767314,0.796445061386005,0.7398633757398454,0.6409478875308284,0.8381699001411742,0.7261990129663136,0.7045489304876298,0.6061524617600402,0.8056395120169387,0.8774239864015437,0.9152282432354771,0.8401773671975756,0.9881098285702797,0.6070500958034069,0.47838307457258966,0.3524415056136326,0.5837674834575216,0.47269512177956924,0.4692363050468432,0.31916303022193004,0.6142622712405881,0.06753115638549964,0.13325201601307746,0.04995537716597883,0.21573993929413732,0.7427660246571157,0.7071903727876345
187,cozy-normal-year,Busy,Busy,2691.589161651615,0.7950142687438289,0.7359604069893297,0.6349096509102812,0.8365925489966639,0.7143866018034449,0.700384294889029,0.6028278108369276,0.8003497607657386,0.8820356522942708,0.9147480148677886,0.838888180228896,0.9839605549710811,0.6061404227433124,0.47842082071119607,0.3546864799197028,0.5839322449726453,0.439705097960536,0.464235926264063,0.31186935775558283,0.6179252511941667,0.07814213067570526,0.13783254943276368,0.05474995003074661,0.22145086798242639,0.735642164630623,0.7043485782134562
188,cozy-normal-year,Normal,Normal,2418.212922168152,0.8002950943305196,0.7348103812868315,0.6351856343874059,0.8315002882616397,0.7029815131529181,0.7079023155361567,0.6033177392242438,0.8109175808859566,0.8853902398676187,0.9171934968244673,0.842374625998894,0.9866931618074419,0.6076174088493969,0.48129815743236865,0.3628958182974498,0.5846147782310851,0.43656835798415583,0.4777765613741742,0.3247093220891442,0.6271548130358107,0.07141006602420766,0.13068480879885885,0.04768505767791445,0.2134039220256513,0.7349768414329867,0.7091747929410145
189,cozy-normal-year,Normal,Normal,4934.465116564916,0.7976796437603763,0.7296068780066362,0.6313095518044856,0.8287030980592289,0.7325376159454113,0.7067805371938509,0.6023407021959046,0.8072008671697295,0.9023327447870629,0.9158248762148928,0.8417319007298264,0.9853091004761527,0.608947719236489,0.4795002079112517,0.36368862182807943,0.5837787155592752,0.4257376302269003,0.4746659229107454,0.3222245384982795,0.6201737850059357,0.058650049608841445,0.12984549342187657,0.04475126323520353,0.2113096291840298,0.7455810582625463,0.7071380830264304
190,cozy-normal-year,Normal,Normal,3367.1938619559764,0.7965279056987437,0.7315934237775994,0.6328420866225513,0.8304487366012108,0.7200356974156499,0.6988511871157516,0.5945241649333746,0.8008854825846567,0.8933789548227095,0.9115405670988281,0.8383258894504112,0.9836259556997132,0.610688229084876,0.4723194518876397,0.3519044345426698,0.5803972164588658,0.41963125535743406,0.4634502843090931,0.31284193483923006,0.613001851652117,0.06138400106862988,0.13275179854580205,0.05018290115876354,0.2142396228154514,0.7397908929802632,0.7019831902001139
191,cozy-normal-year,Normal,Normal,2468.212353690906,0.8009561979306998,0.7419693424513567,0.6440841870981763,0.8428078204370304,0.7094330493376867,0.6981852584091951,0.5915951185351549,0.8023708441551224,0.8913104992618187,0.9090547478323683,0.8366993680409575,0.9807132430133763,0.6139397516246178,0.4682247558004742,0.35024687364112433,0.5775906780304115,0.4004676473740535,0.45381113717568133,0.3036535787238376,0.6036780019563762,0.061077574020619474,0.13304168063408803,0.050058155654891676,0.21627272142650797,0.7359665218833341,0.7014427637640086
192,cozy-normal-year,Normal,Normal,4950.116020704747,0.8098413859400857,0.7479147962862358,0.6480186185105473,0.8472282578078291,0.7095189430534841,0.7004998783935157,0.5977217023646625,0.8017689379838199,0.8907579532500429,0.9076038203166583,0.8346603417429913,0.9812969381989887,0.6143773587716205,0.46702838136644076,0.3497671941989809,0.577116118412613,0.412757681060362,0.4492071415947088,0.30145340943876503,0.5976804831874974,0.07078805059567655,0.13137753419023238,0.048402337481907066,0.21105133635581813,0.7379276931431266,0.7022699701682583
193,cozy-normal-year,Recovery,Normal,1338.723944432042,0.8213430521840157,0.7618641452616205,0.6615566660234445,0.8589790760791222,0.6911458134108825,0.7032193127365493,0.5943645641634098,0.8028384056951374,0.8901085334165676,0.9051743365283473,0.8297333716734715,0.9792871482681664,0.6195419755308771,0.46217262247168117,0.3462620097850942,0.5737646865514278,0.40671752564686015,0.45110685659401056,0.3014823178505645,0.5984193228486719,0.0616666644644395,0.1327232776401981,0.04975269760059186,0.21526876756473393,0.736348886888808,0.7042722876936889
194,cozy-normal-year,Recovery,Normal,4636.354384440978,0.8153644710634919,0.7689895880503179,0.6672799822836276,0.8629485942028238,0.6896916270226257,0.7087231173748978,0.6023252900740156,0.810604022254542,0.8915700379428165,0.9039769875117977,0.8299532045697836,0.9785371493280842,0.6201306525048689,0.46107242236087315,0.34681282614788966,0.5735121127082002,0.4050944415324455,0.45008394977117083,0.29581705099332717,0.5971176007539918,0.04538692710768078,0.1341782603301657,0.048748232467949223,0.21805274987152465,0.7367451193942283,0.7062572987146931
195,cozy-normal-year,Special,Normal,3933.194620672231,0.8109358301776377,0.7617049613543317,0.6585564053294909,0.858467393399212,0.694794796248394,0.7062035703020938,0.5999769449523997,0.8053432581040607,0.8934210766878724,0.9030966337981174,0.8286078542326389,0.9761537191251977,0.6150303113902486,0.46191898315195673,0.3469268654238838,0.5767574144168774,0.41988675870746456,0.45959592019242257,0.30669265048168265,0.6093092855083642,0.03862998709723298,0.13320323939263173,0.050283152598864116,0.21653626642052232,0.7390807584021853,0.7054193769651431
196,cozy-normal-year,Normal,Normal,3069.0133718227203,0.8168426394849565,0.7615320126677854,0.6583125011258445,0.8604118634117688,0.7137519851370681,0.7137966437612563,0.6082874199584244,0.8142311481660012,0.8925311033980045,0.9039289147134744,0.8265857421098696,0.9780185440328267,0.618163232761115,0.4628926599804626,0.3468113291683959,0.5774924287517906,0.4339209529288584,0.46291214853896484,0.30800872501052917,0.6156819705984612,0.05045394485435708,0.1308629244950641,0.049899631576079705,0.21391427160165288,0.7455679196496774,0.708207575649864
197,cozy-normal-year,Normal,Normal,4949.960492129957,0.7960725551353639,0.7630631882505527,0.6574180119011495,0.8629697544902281,0.7126589079012622,0.7157548807672232,0.6127773197186581,0.8163208740106062,0.8826664031502416,0.9028580013169831,0.8256868464928268,0.9774884359500214,0.61899725701374,0.4609655398001435,0.3463452501528763,0.5751042237706829,0.39387211121883337,0.4562854773424416,0.29808499413765577,0.6041952765139144,0.050083186357935676,0.1298890915190834,0.04782590049831572,0.21300356353892025,0.7353482422502059,0.7078186740640852
198,cozy-normal-year,Normal,Normal,3729.2612173491752,0.7932906305696301,0.7627507543269879,0.6588023607039605,0.8657369094987276,0.7027133672774936,0.729521179927179,0.6271660676473653,0.8360910471565113,0.8874288525092003,0.9077886170236447,0.8291778316542922,0.9805904199979244,0.6134218846041646,0.4652581628162342,0.35049904598351683,0.5781230386507206,0.42033015507358196,0.4597612071667967,0.3020079354248352,0.6106249691166545,0.04665299915370626,0.12179438952530917,0.038242331059634566,0.2063042407288927,0.7356749445031366,0.7140687540517957
199,cozy-normal-year,Normal,Normal,2438.9606288825357,0.8168062250392804,0.7601332723524072,0.6543326720662023,0.8620063168314657,0.7088651639716302,0.7399125241698058,0.6379213218841656,0.8525794877548645,0.8773809806752152,0.9118634757872542,0.8298985754201308,0.9854889055256947,0.6129352056357595,0.4694262584774884,0.355447787683501,0.5787550897035552,0.4439486296687489,0.46032914085407917,0.30780181048771266,0.609319628246132,0.035464561692108584,0.11501512368694942,0.03225120700890057,0.19967588245002316,0.7430751336310941,0.7184177097049876
200,cozy-normal-year,Normal,Normal,4891.610400215324,0.8270272510848703,0.7531732716204701,0.6442045922334088,0.8555255738313249,0.7036692234289433,0.7365526978179979,0.6324085135799932,0.8454975919875791,0.87848612789455,0.9132427989062091,0.8317857043877147,0.9846979640952086,0.6089139226836677,0.46996667173570505,0.3567467216965615,0.5773083382001237,0.449907768195003,0.4568308335734234,0.3030247837662495,0.6039905942882134,0.0335522905385373,0.11299198711286285,0.030469888028322883,0.19707924579151506,0.744040289708406,0.7165047835869292
201,cozy-normal-year,Normal,Normal,3865.6333105458125,0.8472613327840517,0.765062131780204,0.6560139674432375,0.8671469067093471,0.7095090621729776,0.7505481895993756,0.6434515923537171,0.8583988738999766,0.8796911310957555,0.9155038226742991,0.8358209708257516,0.98623122995204,0.6081376230325257,0.4707566797093369,0.3563085766200935,0.5777190421339536,0.44837137277413963,0.4569858815563241,0.2988842363012016,0.6056895724820166,0.03548971220926509,0.10904447010121719,0.028932419168289196,0.1935872120400341,0.7488964311329578,0.7231340643697082
202,cozy-normal-year,Recovery,Normal,1220.847495686829,0.8596331245719993,0.7710745449444735,0.6613896162295358,0.8709294087476661,0.6962456708031187,0.7502764820205459,0.643765538308891,0.8540467322004309,0.8737458483232429,0.914413493094982,0.8326014316196634,0.9860375744424656,0.6026383449719499,0.46948069851028357,0.35810431705648366,0.5749361321959623,0.435775079975883,0.45504790373640663,0.29556392924871644,0.5985058476480012,0.027987676595321916,0.10792480286477733,0.02638329072692573,0.19293494444910708,0.7451031761217152,0.7236249381003104
203,cozy-normal-year,Normal,Recovery,1631.9403311903466,0.8667374995004937,0.7829085622558253,0.6776262219131205,0.8823051415407166,0.707302433546003,0.7560062050257718,0.6501444443902589,0.855901379671914,0.8564062173671114,0.9166796520378518,0.8355257688604568,0.9896926947178475,0.5977490323787046,0.4679224920453424,0.3589311483524455,0.5782174256597148,0.43244431821596757,0.45583158475568625,0.2926139218632371,0.5957208867285942,0.03838245916308594,0.10234850724014423,0.02009804103386491,0.18300649702834737,0.7434900760380525,0.7280352451964277
204,cozy-normal-year,Special,Normal,4710.941418730394,0.8756789217457548,0.7765695866451133,0.6740635987056102,0.875563682790328,0.7123870437361276,0.7506162211125432,0.6433240162357617,0.8514101637440039,0.8594447515936064,0.9173771251430761,0.8365064307644029,0.9882723078621758,0.597409574749208,0.4677031039622045,0.35836646541653305,0.5779497656982004,0.46036255505877133,0.46248522877254,0.30158524104759704,0.6037631138283449,0.0473706919201901,0.10190485436507826,0.021510009802787958,0.18321272822571955,0.7490962609913082,0.7264273922652957
205,cozy-normal-year,Busy,Busy,1112.1369946909526,0.8655959328892461,0.7690578405104839,0.6739139501629752,0.8661963007251974,0.7162302775545095,0.7378267530886973,0.6308345397158344,0.8375562322024408,0.8754974301755977,0.916492087836421,0.8385924856679707,0.9839576986910267,0.6043380272290363,0.4636325544149372,0.3580684709738885,0.5737615597198185,0.4140808320977264,0.45497000638151824,0.2961102529385612,0.5939289830305586,0.05746623033919792,0.10883329898898253,0.02815224412648651,0.18880691910782427,0.7464606761972872,0.7195300966408045
206,cozy-normal-year,Normal,Normal,3020.1687812665677,0.8439045984563749,0.7611118592368368,0.6619632161038013,0.8606757939975247,0.7251298068114324,0.7257825321014684,0.6167572588879421,0.8284592575072279,0.8685613104660921,0.9153870405297088,0.8394361657784025,0.9848104116736991,0.6096679571368613,0.4580982815541203,0.35440132574171473,0.5683693136358248,0.4216197990416316,0.44408696153399757,0.27928766093611906,0.5854892106473567,0.06392238218818752,0.10854577078429371,0.028268498204422877,0.18686699729320072,0.7444303543358824,0.712813889532909
207,cozy-normal-year,Normal,Normal,3588.8742386008817,0.8451788091010534,0.7611470118260103,0.6593802788845778,0.8598864492837967,0.7282324424543316,0.7071692540471723,0.5997184950865413,0.8125905989575909,0.8540809127636602,0.9106014287927902,0.8329639097162409,0.9847827832039769,0.5999564521830719,0.4513193036964353,0.34326608573616896,0.5606962398400815,0.43894234685373557,0.43009203918643724,0.25227354520101297,0.5710530193252592,0.07187215090567796,0.11639185894661912,0.035534200966607934,0.19355088885743954,0.7420959542171391,0.7038010884063088
208,cozy-normal-year,Normal,Normal,3329.9066759347143,0.8307406109284373,0.7588360831511582,0.6597048398576448,0.8587743505719009,0.7230890566426866,0.7128602480495907,0.6041010395774513,0.8188039405800049,0.8665409519572648,0.9124708185268285,0.8333596144883864,0.9842966823109718,0.5985120666257355,0.4526198116528018,0.3469658626761064,0.5612205773700453,0.4432317786584612,0.43152038787028724,0.25857299862430333,0.5751512690216467,0.06443890040534628,0.11268714442054424,0.033549260636775366,0.1906108391290391,0.7416873007912572,0.7059174187730972
209,cozy-normal-year,Busy,Busy,515.1105954313291,0.8238831187257447,0.7533230775684014,0.646879520937197,0.8482555681352802,0.7195468660935119,0.7131440764100664,0.6102663922228506,0.8205871322255099,0.8719349563283223,0.9156648965101558,0.8362771125494732,0.9868316013151586,0.5972139733993713,0.45394295274055446,0.3359449725666981,0.5663209291171165,0.4715642584740888,0.43884122840154466,0.26417022165869397,0.57927948297397,0.07425015424090829,0.11762394196830515,0.03818111193814869,0.1934108932011501,0.7425739579116348,0.7061581657326883
210,cozy-normal-year,Busy,Busy,4548.099770092841,0.8344778266813075,0.7510845537447117,0.6470973453384713,0.845654944336081,0.6997214437496883,0.7156615072303327,0.6083021655596873,0.8244354931335931,0.8771560907507182,0.9172023239913517,0.8386694125261518,0.9863151467862104,0.6004058877129392,0.4561653768411099,0.3426450192556047,0.5673717268511628,0.4493938864694334,0.43966454279239703,0.2648687620781949,0.576672468254475,0.08548245223159857,0.11832116252646924,0.03975575108945114,0.19505786709746298,0.7375176122127491,0.707068505028996
211,cozy-normal-year,Normal,Normal,2809.8641519402418,0.8432315612131353,0.7488236216824016,0.6424847590973286,0.8408663153689806,0.6836398424580966,0.7120557357857529,0.6042289455031941,0.8192404839493489,0.8780449062832176,0.9170724562637884,0.8427623816409172,0.9866725132205605,0.6061382971282306,0.4551890353894375,0.34389848664906325,0.5664224495357798,0.47525451378512995,0.44407825536784373,0.2757190527576722,0.5828213223468913,0.08121332049280587,0.11508682793574074,0.03666728403842489,0.19128813976965367,0.7394394148971327,0.7063868480612269
212,cozy-normal-year,Normal,Normal,4620.8104455496605,0.8252430378498842,0.7498009983286381,0.6468162637555196,0.8425876069974353,0.687096268593147,0.7234254455735964,0.6175774394477763,0.8312055020341873,0.889162071625528,0.9193147867117505,0.8448268377161943,0.9867104475208215,0.6047539909527787,0.4592267276474787,0.34972663339936966,0.571469340599908,0.48800870490456816,0.4492297520291437,0.2838174189975707,0.5910520947595429,0.0947362845186508,0.10985745702069735,0.03031743794263985,0.188860001984564,0.7391181959264536,0.7115893018796368
213,cozy-normal-year,Normal,Normal,2732.0762224453124,0.8261440080568102,0.7610893269518672,0.6611309453265641,0.8507572703789229,0.6502965406953727,0.7405507114799653,0.6333359105190072,0.8459286387210467,0.9030971741317918,0.9212526241216661,0.8461529657957286,0.9865667323688799,0.6072823457661235,0.46339118352517433,0.35508734859666086,0.5741415529025513,0.4591419875336376,0.4628630476705567,0.3058241325618787,0.5990831684065547,0.09812582414004085,0.10703952149340783,0.030811020894224873,0.18560948056647578,0.7297577029877031,0.720737854004109
214,cozy-normal-year,Normal,Normal,4048.1791147097456,0.8324403145329025,0.7542684062086746,0.6528646877059808,0.846120445967693,0.6579159160251334,0.7511884760520833,0.6423060839403839,0.8580469446451133,0.906178369527175,0.9229825607206051,0.847385461030154,0.989417797137671,0.606506398657629,0.4709576805455658,0.3604518197727388,0.5775886694591694,0.43428680459820757,0.4846894481977386,0.3303912481800556,0.624810763026413,0.09758898237600096,0.10520546062386092,0.029879727800409126,0.18395085017292956,0.7306075835810641,0.726310466401359
215,cozy-normal-year,Normal,Normal,3295.374527571161,0.8291501705172142,0.7467506845167597,0.6453304315187446,0.8418279402983428,0.6505755049092579,0.7427282991220264,0.637923963763905,0.8487194406328996,0.8972385669586831,0.9199641052395314,0.8452085629669948,0.9854789751051339,0.6032870146842179,0.4676815742912076,0.3584316465907978,0.5752651062810132,0.4437403177663297,0.4801586521953802,0.32832549235814434,0.6210003495130111,0.08927650217662951,0.1058837910427492,0.02890913949765743,0.1835389970875487,0.7277483273982578,0.7211481435652396
216,cozy-normal-year,Normal,Normal,4542.132796958266,0.8075578160589676,0.7475303466857057,0.6470762812029116,0.8430210226287799,0.6546885950754627,0.7331637657227825,0.6276172422631963,0.8417509465562412,0.8937441785226173,0.916765415213145,0.8420401513845228,0.9834688569560533,0.5963983546291646,0.46701811419737654,0.3571343429103206,0.5752799628304694,0.45879070941184025,0.48440855476456457,0.33688223090465874,0.6221096443594795,0.0900547896187268,0.11032107751561171,0.031853179267401346,0.18912356365566008,0.7246666271780994,0.7181752184208728
217,cozy-normal-year,Normal,Normal,2309.7743270504357,0.811665346883539,0.7510287365929758,0.6525567408496702,0.8478986041761295,0.6595743567402771,0.7117351984737496,0.6045138268434299,0.8219880935231628,0.8844848902661591,0.9117017624274244,0.8364842324084413,0.981498347732573,0.5980800442603802,0.4576039594347336,0.3469692200309532,0.5688137701897201,0.4565768929576152,0.46245754727914923,0.31937590796940507,0.5999807766109831,0.09221987870401414,0.11358137625911195,0.03448717315947328,0.1932476527722296,0.7245846071139352,0.7081881507750104
218,cozy-normal-year,Busy,Busy,601.4216532222055,0.8107222033731725,0.745927136258659,0.6499147097045672,0.8429284541254896,0.6641201346486347,0.7230310388317556,0.6120564645549668,0.8353657272482053,0.888916626551771,0.9133199096904909,0.8361084229532401,0.9810295423973643,0.5886038049512604,0.4613300744796153,0.35797489180693753,0.5723411855648757,0.4790420611118785,0.46872738266014724,0.3134611652002885,0.6232065455672947,0.09134425932913863,0.11350287706615352,0.03710593639947747,0.19838188702331389,0.7274801651612784,0.7117111624753351
219,cozy-normal-year,Busy,Busy,2837.900007678866,0.8190361510897447,0.7424831899885549,0.637724844299296,0.8384915501164175,0.6526593869338515,0.7300366010492096,0.6164607300180507,0.8506123246645972,0.8836358948237467,0.9168932219120355,0.8426603526486687,0.9826508903579222,0.5961627394996293,0.46436456138146665,0.35590023648651786,0.5744306534985152,0.45004382325338216,0.4696222345621167,0.31348391019839994,0.6281341789139004,0.0931235602772295,0.11596969584310408,0.04044242361620378,0.2018608371694018,0.722897035744456,0.7138945748812067
220,cozy-normal-year,Busy,Busy,2822.0345485624835,0.8078241526204676,0.7348116729555147,0.632626912759453,0.8315515675956012,0.6558950239124134,0.7268316817786225,0.612903915273566,0.8472566369769013,0.8831788106842587,0.9167445658466222,0.8433838015850692,0.9823829730180365,0.5968320347496751,0.4637725729511613,0.3543015103342119,0.5744419127850153,0.41733713503469855,0.46530819583689,0.3044632751292254,0.6284220342442827,0.10551711911750368,0.12211913452051477,0.04535165069941509,0.20638384272483887,0.7168663640886539,0.7104985345081649
221,cozy-normal-year,Normal,Leave,3028.629461725142,0.7939546707877722,0.7258536370946143,0.6215839244760215,0.8260732744270678,0.6510584858784132,0.7191483963234145,0.6050012454543309,0.8337784375625329,0.9006468084973683,0.9158390763978081,0.8403052765727922,0.982882630542843,0.5956543741891022,0.4610699225059151,0.35149999558784023,0.5706089081332499,0.4027509920179393,0.4592038605927229,0.3006284342101858,0.6199944895770333,0.09911733551597818,0.1276837673520136,0.05070853858901293,0.2109733467660547,0.7155013993515079,0.7051238045683904
222,cozy-normal-year,Normal,Normal,3230.9635785640708,0.8002963049401619,0.7228916322311123,0.6185474755551353,0.8216092247283934,0.6567844077910968,0.7263914756856227,0.6091568963558607,0.8391781928068347,0.8850072416512728,0.9187371797913857,0.8422665661274126,0.9867040721943368,0.5940355770528424,0.4659727605565054,0.34993906868007835,0.574661575876484,0.39534418832451074,0.4627917900419204,0.3011244802132237,0.6229335784411498,0.07817335205881795,0.1261619377404482,0.0480012782791713,0.21335785989040149,0.7159671030055271,0.7083123435008903
223,cozy-normal-year,Normal,Normal,4855.2616613789105,0.8196920947836374,0.715300289476214,0.6115071869836453,0.8190306857371932,0.675603012598499,0.7308682445095899,0.6174280978321649,0.845011569256895,0.8936193916681942,0.9203412774423966,0.8447805839792022,0.988062457333198,0.5932919554922117,0.4684136980103081,0.35014280487245975,0.5759392223223155,0.41740580108341047,0.461921378484711,0.3000760469520845,0.6205314889481129,0.0707680558618649,0.12207366913735598,0.040777074215485334,0.20917101655215609,0.7289337539560607,0.7090895451228272
224,cozy-normal-year,Normal,Normal,3367.777174536286,0.8313958823816325,0.7086480932935526,0.609434985366894,0.8120681528043086,0.6810676020302888,0.7174178140275714,0.6048672510975156,0.8309821955812825,0.8982733501929725,0.916986229276388,0.840955940565679,0.9849888068250277,0.592742315311339,0.46451699252699935,0.3471054196758068,0.575832913650637,0.4349073019576155,0.4641343617349539,0.304099830369006,0.6207120596149286,0.08399211685714306,0.12318343826154662,0.040240600174840394,0.20842376729822626,0.7338521913542984,0.7033675109240201
225,cozy-normal-year,Busy,Busy,880.5955039207896,0.8020835922555868,0.7017077324117152,0.5938494514084829,0.8020912566651527,0.6795059996500391,0.6937274787458148,0.5827568581719756,0.8027915261759945,0.9035003656957078,0.9105956057836284,0.8325486182656838,0.9809982097716521,0.5846704668650821,0.4584557412079709,0.3480894023754363,0.5706521172975333,0.4516701289330384,0.4572483469965027,0.30126314374656543,0.6140652803445527,0.11641951796834113,0.13281701496062376,0.055758641837231435,0.21628242645603674,0.7265406567418702,0.6922269179441163
226,cozy-normal-year,Normal,Normal,3430.0143059040793,0.8246424782353958,0.6975749107551135,0.5908981117047015,0.7974459195589263,0.6977195721699526,0.6880725732818027,0.5795719134419544,0.7968295507622016,0.8863712243782715,0.909756609790497,0.8269708528292509,0.9829196701229622,0.5843761276546451,0.45753158634944174,0.34672008351946204,0.5686542972480291,0.4277085282850539,0.44837419129769795,0.2848626268257733,0.5972712111265165,0.12669265740374083,0.1308423958268242,0.049371195826074216,0.21428323022308682,0.7280186367962387,0.6889749244904455
227,cozy-normal-year,Normal,Normal,2434.0401170591035,0.8098328849015053,0.6960407283742098,0.5935322888883156,0.7942073148896637,0.7144526284857928,0.700966479741175,0.5909556720977643,0.8090552972251959,0.8943761738859316,0.9115463458441556,0.8335703081833286,0.9821783072154793,0.5802673292986072,0.4631458215540427,0.34797094677954504,0.577201396506267,0.4411334112912454,0.46314622725543203,0.30149559411501636,0.6139252226366044,0.12699694647477783,0.12527185175428024,0.046483902879429675,0.20604401866167424,0.7319260644632418,0.6953604514827989
228,cozy-normal-year,Normal,Normal,3826.08233035963,0.8169944411686579,0.7109961724003304,0.609105009300576,0.8099746971071023,0.7135381164953237,0.7209412197393033,0.6082261717941672,0.8296038595775018,0.9084633449049061,0.9155934921022916,0.8362004923436009,0.984182938879987,0.573335681909206,0.466649464124134,0.3503554415927381,0.5825500287352114,0.4525100529615343,0.47664696374212695,0.3222796178920211,0.6241501548029779,0.12438540512995089,0.12226525965712767,0.04611557327281818,0.20350881098260543,0.7362074719334172,0.7062018686931263
229,cozy-normal-year,Normal,Normal,1592.7682308482154,0.8198313843974799,0.7311708041752413,0.6285706102447091,0.8274119438953397,0.705643510913748,0.7389716991868122,0.6273750504742209,0.8463528409018608,0.8978063055309112,0.9170194273315885,0.8365960323471655,0.9847339852979052,0.5773104824241331,0.4691015111198813,0.3518528763934496,0.5816969429750516,0.4507911193840991,0.4893621708753444,0.33820079649379475,0.6363008622262099,0.13327456815615427,0.12133024029126328,0.04659300966652505,0.2010025169876196,0.7321710315306624,0.7165106115609067
230,cozy-normal-year,Normal,Normal,4827.788053370838,0.8349820806222062,0.7258751068707843,0.6265360600698809,0.8232065284367647,0.6895346919237658,0.7418057489440492,0.63355382753324,0.8486307948300995,0.900635136278523,0.918415786014776,0.8377752672557313,0.9864629530582826,0.5757039533898408,0.46961129610768676,0.3523931951319357,0.5802480594835568,0.4328404811602326,0.49051780897903646,0.3413568306767282,0.6389190847598645,0.14308932796488552,0.11848847003678696,0.04257717791365073,0.19699405353117427,0.7282236274221549,0.7170380330369539
231,cozy-normal-year,Busy,Busy,846.6814612493775,0.8344704033144763,0.7172549697010664,0.6210262861630138,0.8135243601726567,0.7203740179860991,0.7262217705692297,0.6131285430364174,0.8327552637364453,0.9023405544830455,0.9155890817749469,0.8362678909732227,0.9845428158028166,0.5765733825122233,0.46596545386238053,0.349693779193397,0.5798482804902645,0.41888652853586456,0.4768633548524002,0.32387559290934936,0.6235840052714896,0.133333985410807,0.1269604387189791,0.044878762145979675,0.21032676679231704,0.7357621487895598,0.7080925513233358
232,cozy-normal-year,Leave,Leave,2111.0486056119785,0.8233619753639437,0.7078576283885232,0.6143551478715175,0.7975994989782291,0.700524332023158,0.7254469094882593,0.6095377667660886,0.8331439938741448,0.9099386364940563,0.914784643422204,0.8389478983493365,0.9804669444480749,0.5765437077366411,0.4683061893070294,0.3535990840980479,0.5711279330455312,0.41627308772074495,0.46706262355300554,0.30601020291686737,0.6197102795939153,0.13310633532029514,0.13245879233068847,0.04723113718410779,0.21538368891818435,0.7300503652252257,0.7047930288133262
233,cozy-normal-year,Recovery,Normal,1096.8624974258903,0.8234867023148554,0.7283901511210373,0.6278083336946655,0.8256446003196772,0.7235072437548319,0.7319310006712065,0.6157805100167255,0.8401134189341353,0.8980835371693184,0.9127062856231386,0.8380765661984215,0.9800690554577973,0.5735165944871381,0.46327971000169577,0.3414113358644462,0.5738115188697896,0.4137630896674483,0.4639500206958791,0.30131921450801985,0.6110838712223873,0.12498697500735058,0.13709914354559344,0.05240959792320225,0.21284940231197164,0.7334990222698721,0.7080835760164748
234,cozy-normal-year,Normal,Normal,2952.3664359193035,0.829447676039296,0.7308254227384774,0.6275570503783338,0.8257712348057064,0.7264873086961704,0.7361947653391202,0.6231220723381605,0.8443223697819413,0.8970634444704537,0.9125313318670298,0.8375223021532128,0.9794734869728887,0.5692090384016285,0.4670455917377251,0.348103085270384,0.5756777420179741,0.4152144068021114,0.4811952345813078,0.32312137927568796,0.6288519170497101,0.1465231753868242,0.1366596842777581,0.05350569357703997,0.2122557695616887,0.7324298111090172,0.712096335855316
235,cozy-normal-year,Normal,Recovery,2350.2656568671387,0.826494231758534,0.729681202981194,0.6331412366709294,0.8229756895123788,0.7298847436210085,0.7399117190751248,0.6289274882596909,0.8478137558418531,0.900494396033612,0.9146793677179829,0.8377804832198611,0.9808917008076228,0.5787260128185556,0.4693122967241887,0.3480825296482993,0.5757506774846018,0.39011323030608147,0.48718887937588884,0.32169714304752395,0.6366595000073343,0.14129550437180644,0.1329086555361457,0.04884144084799423,0.21179941990061968,0.7327180937759679,0.7146462985025961
236,cozy-normal-year,Normal,Normal,4758.949550375499,0.8442444735515737,0.7332459327821446,0.6382447639520381,0.8295586324242776,0.749112937007535,0.7432749359219466,0.6300680376427289,0.8519962426893245,0.9169989026850224,0.9150376870588525,0.837605789479374,0.9827573382401052,0.5811108241213759,0.4675285443796274,0.3462671655397242,0.5732666769084025,0.4099946096760813,0.4813635688278279,0.31441039350459365,0.6323700549156572,0.14307021378827095,0.1297960587781161,0.04682244982322232,0.20876331399386766,0.7464121375731336,0.7155854930870329
237,cozy-normal-year,Normal,Normal,3894.65948542927,0.8545928205489104,0.7394183775001579,0.643311570873076,0.8328156338172374,0.7371311532561625,0.746233375825572,0.6344339727365755,0.8560064806985132,0.9126813651100852,0.9137205939275072,0.8338525148279232,0.9820611159369353,0.5790782287455912,0.4675042326824986,0.3444378113057569,0.5714924335711024,0.39268853257031033,0.4870848352183349,0.32521227230090216,0.6347130357331865,0.14845075020442552,0.12791974449250665,0.04517639989064893,0.20559439056128642,0.7416489491964477,0.717985805345889
238,cozy-normal-year,Busy,Normal,2750.6381842239853,0.843052750018356,0.7299319097443796,0.6340994655793756,0.8252085220315931,0.7282863065638345,0.7459551017925345,0.6347079192960331,0.8579382084130235,0.9192762586299008,0.9167073723082385,0.8402526811501007,0.9846983001908157,0.5747456985388659,0.46956438121493904,0.3496383791939657,0.5741000569695319,0.3803138387542076,0.48835339052871446,0.33092355681676966,0.6370641917524281,0.15464977809668715,0.12366365476911836,0.04146075209507406,0.20001683638757897,0.7360051795897554,0.7177008021394067
239,cozy-normal-year,Busy,Normal,4293.358225522996,0.82232451314574,0.7242373039510365,0.6259164343265403,0.8212943133345727,0.7091273428979444,0.7286757141623424,0.616995892384188,0.840009216383979,0.9274209970286487,0.9133324840738722,0.8363185660080326,0.9818705852944909,0.5726956504243347,0.4662747905003407,0.3488846452291404,0.5732910300987174,0.3649388575288654,0.46982241657167156,0.312841168917011,0.6221380307983343,0.16720334801482686,0.12684275486758764,0.04466813152665344,0.20477215076573954,0.7258386910910353,0.7087982968827262
240,cozy-normal-year,Busy,Busy,1415.654605685496,0.8301462019455353,0.7226838946267709,0.6223610018542878,0.8229443738003831,0.6965284068083861,0.7327324143190774,0.6269216891453594,0.8399509810476449,0.9161846422101886,0.9147731105219612,0.8365759533380359,0.98214775341771,0.5686965550830544,0.4674503894424364,0.35262512043000704,0.5647137209535537,0.38099082922555166,0.47214214595593185,0.3278549075739174,0.618347036864028,0.17909657673731139,0.12934926939223712,0.04104315718678855,0.2100269557558653,0.721786128848699,0.710013598143699
241,cozy-normal-year,Busy,Busy,4519.063341174059,0.8231439083163765,0.715880905742966,0.616332989652737,0.8188163260570256,0.6944396231029675,0.7264767327991922,0.6190589967907543,0.83715905866429,0.925067941920689,0.9149835227473762,0.8374101997338507,0.9813555604304927,0.568442148119225,0.46662020473848953,0.3506428711548134,0.5637564250256998,0.42111586074071644,0.4700879485501844,0.32627099013881217,0.621820813402237,0.18682508032004935,0.13281610963702015,0.04725214938071652,0.21033265799131293,0.7253803780053774,0.7065617469179839
242,cozy-normal-year,Busy,Busy,2492.4063034685832,0.8213668189684106,0.716247227726008,0.61557056882563,0.8184352941737971,0.7057534306490386,0.7114219965967644,0.6056015774922465,0.8198502236867814,0.914764470399737,0.9115514744359117,0.8344232556601835,0.9789900586939158,0.5640818424440935,0.4619875305668074,0.34434255288911336,0.5636354284254693,0.42349817242302595,0.45744966852422314,0.31257155856287483,0.605641076040545,0.20112165872989035,0.1430260343813953,0.060763012128162514,0.2200632979587306,0.7239630070411197,0.6990251600172692
243,cozy-normal-year,Busy,Busy,2594.9521756769827,0.8111624436041054,0.7131759985859372,0.6140512088246606,0.8154606883415135,0.7036556248047332,0.7196452189033927,0.6116222423744402,0.8233196947475052,0.9145080478290206,0.9150567733338557,0.8352711430982541,0.9830538766899031,0.5607609385804581,0.4648781186758689,0.34890602360823336,0.5678146803372627,0.4501853030442076,0.4657169729772741,0.3190888952092969,0.6165986717736844,0.19710352037522466,0.14015766078943692,0.05564734399396382,0.21953846534747073,0.72435653708594,0.7028879390747835
244,cozy-normal-year,Busy,Busy,2916.6812194130594,0.7892595321044311,0.7140366411439357,0.6120365282047909,0.8216075295970291,0.682576380179684,0.7113210262962496,0.601778706028257,0.8151038451163746,0.9076684242497914,0.914639414078988,0.836079262411078,0.9826849876492069,0.5629704997373084,0.46567901542958573,0.3502486659401246,0.5692091973527982,0.4457969242358333,0.4686349619722983,0.32735196973912845,0.615556969832035,0.19078301315400187,0.1443484056634517,0.06186115243210843,0.22462981627804204,0.7142791359821878,0.7009083825151098
245,cozy-normal-year,Normal,Normal,2872.917793854116,0.801283521866089,0.7193902190614333,0.6183409215370819,0.8222813331251602,0.6704190197566072,0.7150595318367855,0.6084914070474219,0.817300785888308,0.9155481567317669,0.9129562611767386,0.8321220961969582,0.9832047006167769,0.5555991561892835,0.4642094644837058,0.35224045157239525,0.5639640741295932,0.46874607946433305,0.46541100342296365,0.3200214359108914,0.6140765796122729,0.18811093425178949,0.14213056443738104,0.05904685336098711,0.22017974954046415,0.7165922605275842,0.7021020428757829
246,cozy-normal-year,Special,Normal,5009.16580831487,0.8149560566727646,0.7224072116388771,0.6238222491493077,0.8234523827644059,0.6902401799932483,0.7197733637495777,0.6130624067708621,0.8214843780499975,0.9169166219917858,0.9127503124209431,0.8319163621497561,0.9823627349108632,0.5556000520158467,0.462998772189887,0.3488379840869028,0.5585185555209938,0.5015720802267569,0.46206234211181774,0.31320796926237504,0.6105115632477889,0.18642265588205081,0.138775175149787,0.056072138551743034,0.21792203839359486,0.7280621311570407,0.703555845184284
247,cozy-normal-year,Normal,Normal,3128.246728133372,0.8115240097023624,0.7172722527479712,0.6161070582862587,0.8186589515027426,0.6927599212950469,0.7119882014408428,0.6031369923225101,0.8154084642256643,0.9255797185728497,0.9115277652160733,0.836070642994487,0.9815731252811996,0.5545434109974964,0.4615093702522546,0.3477071270152501,0.5535364677517407,0.49401336492638864,0.4585759022036646,0.3083847285330743,0.608441294930299,0.1817675290030724,0.14162420960162425,0.060012918759558435,0.2210411356344653,0.7292719087859518,0.6995340364206616
248,cozy-normal-year,Normal,Normal,3936.044765944927,0.800432042372658,0.7196498673741588,0.6169552358936827,0.820324072867633,0.6803238203303654,0.7147501929277288,0.6034663966406829,0.8199570117061282,0.915031760071496,0.9116638806876621,0.8355973864663958,0.9808751665663101,0.550927564236271,0.46233339850167715,0.34910123345409727,0.5625516022105084,0.4845432744366077,0.4670816478485995,0.31773169492291603,0.6201057083605725,0.18150770664362534,0.13790339209623637,0.05373836791852203,0.21753325389420933,0.7204624745254367,0.7021192863108039
249,cozy-normal-year,Leave,Leave,341.553301079752,0.8183782811756817,0.7079476165827897,0.6026095086788675,0.8133046370118755,0.6617312617246196,0.7012276340630815,0.5981362362785491,0.8037302180455338,0.9272798871243543,0.9096733023441198,0.8404957124756417,0.9755805670609322,0.5485208868627102,0.45977526447788136,0.344523141832494,0.5485145212023228,0.5043486908224796,0.46742158639543324,0.32047033355048926,0.6190487412312907,0.1723248529748283,0.14417258336611702,0.04734938977067357,0.2202368410949082,0.724206096058672,0.6952352984528436
250,cozy-normal-year,Leave,Leave,4337.376819110568,0.799483269924821,0.7023208939055625,0.5948347799653504,0.807661655690372,0.646602756742426,0.6882974370563743,0.5831626562245807,0.790626261041007,0.9276893041690836,0.9090060858279198,0.8351459892996523,0.9756982036378486,0.5526077424384734,0.4571763113351686,0.3412658569841493,0.5426135438499885,0.49287361056630885,0.45548664883445467,0.30437905285013106,0.6080965305423061,0.1828421005127409,0.14971511057060713,0.05519472152272139,0.2268725215471512,0.7154446645070667,0.6885735674610352
251,cozy-normal-year,Leave,Leave,1900.0842594533146,0.7945067893989326,0.6959740475460172,0.5891968115271038,0.8037506034936924,0.6402692243120834,0.6674660895635854,0.5638249776134084,0.7691589466052836,0.925874988008716,0.9047326627035551,0.8319811964407441,0.9728782539272761,0.547374105479083,0.45251483308919127,0.33725326407684963,0.5311177535096253,0.5055117501995395,0.44554153771790683,0.29534195409517144,0.5935533665850876,0.17042477062541017,0.15952388059523254,0.06858892281413842,0.23483798401801112,0.7143971981076336,0.6785479378736075
252,cozy-normal-year,Leave,Leave,4079.202098336417,0.7910479972414607,0.6903981781848899,0.5816908705890316,0.794971759614662,0.6248198900479993,0.6548122977776939,0.5529684785715314,0.7573843618084343,0.9097197206439162,0.903748315872575,0.8306960258203809,0.9706852761806565,0.5525618697870092,0.44994115496020737,0.3336679700041469,0.5287941268709466,0.5022977885095452,0.43421820631618924,0.28382681499205525,0.5785514586864525,0.17839912876814928,0.16443094170949293,0.07543509649710996,0.2394743494642133,0.7063602991694026,0.6720359030096833
253,cozy-normal-year,Recovery,Recovery,835.6903409027459,0.7877670456804952,0.7050511530516391,0.5947548209756829,0.8154865971389325,0.6362621181042208,0.6689685443893825,0.5663641829135713,0.7667746699384822,0.905625684497238,0.9068616485929681,0.8326679802009394,0.9765314783936071,0.5463497850495974,0.44858924233380565,0.333086880266077,0.5350900810004894,0.500040437366895,0.43416063798488125,0.293302243711917,0.5790931050713304,0.18801756871359307,0.15760730869870462,0.07016267272862485,0.22791214420009945,0.7056073914949267,0.6792948914471097
254,cozy-normal-year,Recovery,Recovery,2717.6798868809265,0.7943541989442566,0.7116996436040522,0.6034706522057142,0.8205748680838884,0.6362214672230794,0.6547200539662825,0.5496593270236936,0.7526984812888509,0.9080538497965269,0.9034934388237555,0.832729993220753,0.9752293817508626,0.5484460321211874,0.4430012601013619,0.32981379548243006,0.5284609949641987,0.5131060740491828,0.42774945932023506,0.2861252434685157,0.5688655151827348,0.186458210061829,0.16092056301472155,0.08118357791264334,0.23073404991912566,0.7091971048536586,0.6743252229450227
255,cozy-normal-year,Recovery,Recovery,2182.411839595075,0.7999741724807862,0.7245518737217935,0.6175351143921644,0.8271626102543055,0.6353929683145844,0.669023821229898,0.5656513576961072,0.762800759433204,0.8994394281113227,0.906427263786985,0.8333388606015996,0.9813990957460712,0.54061342603444,0.44065838496864884,0.3273667319584734,0.5239672264606732,0.5067978456931096,0.43044004955345844,0.2908060936058215,0.5735576772643124,0.18123434392601329,0.1533427222576188,0.07327741286488021,0.22505078120514788,0.7068539555466032,0.6814802201548967
256,cozy-normal-year,Normal,Recovery,2781.143196317734,0.7915196944888472,0.7213808530899956,0.6144584752446571,0.8213033471303057,0.6337323719072832,0.6628128258687552,0.5590915605592485,0.7617283990462931,0.8982376251447846,0.9051334755564722,0.8336715243795719,0.9803160664678144,0.5447856255215939,0.4413419191232346,0.32614161942939646,0.5244708541705868,0.47312909585214247,0.432497120283921,0.2916987020541717,0.5793564968499423,0.18475611624936106,0.1523423217655859,0.07407840219935712,0.2235798945433642,0.7012884520160249,0.6795336132490726
257,cozy-normal-year,Normal,Normal,4381.9434222737145,0.779117342206768,0.736717133555482,0.6323309865479041,0.8335047515186811,0.6332797182366553,0.6723181409699593,0.5687954112289398,0.7704537297866592,0.8829117786461229,0.9047496081111898,0.8300504879429343,0.9789777928291764,0.5459950170900194,0.4381362138208967,0.32392842085447193,0.521465084611742,0.43311424027041145,0.4271947271254245,0.2865996958752726,0.5699490014471325,0.18424163514251302,0.1494718324828047,0.07129633664686798,0.22441555373619734,0.6917210125355038,0.6837845718515743
258,cozy-normal-year,Normal,Normal,2869.552413628109,0.7996002240554233,0.7512854708932046,0.6465770580755301,0.8481182987193087,0.6291431918932692,0.67188397010522,0.5689353598364069,0.7741783036114911,0.8802398286965066,0.902461861543502,0.8272534597473207,0.974997922707272,0.5460749979379769,0.4317506698212927,0.32186236679826885,0.5156415362745373,0.4208619565750009,0.4170917617365975,0.2749392519933266,0.56128315263927,0.17499703130267194,0.15008064661319717,0.07387885216286623,0.2243030373013286,0.6934289158056541,0.6836468858968952
259,cozy-normal-year,Recovery,Normal,2072.270741908086,0.8022292862546155,0.7450183822304933,0.6396062999823139,0.8408797408083369,0.6298407420878421,0.6792608808411321,0.5708597174489403,0.7785228921054583,0.8738809130713271,0.9056650732300962,0.8296979768665297,0.9784208211365482,0.5459996929866052,0.43344947391932437,0.3202567294873279,0.5192928326866392,0.4674132942842884,0.4226800070509955,0.2765924903994127,0.568950169356229,0.1656766042212592,0.14411544744264077,0.06287801333785828,0.22062333445572202,0.6988453924890594,0.6864867155162284
260,cozy-normal-year,Normal,Normal,3627.75384742747,0.7995987127093955,0.7381870249160017,0.6336498019803262,0.836699336141459,0.6383597739982598,0.674201646130294,0.5647518766185959,0.7755447723860455,0.8690517733336981,0.9054165211049131,0.8297588966192285,0.9767929291782393,0.5493319476045397,0.43402286831372167,0.32005287077597044,0.5210423507962534,0.46347469756877313,0.4229056400431688,0.272920046743663,0.5691673162887335,0.15992027379329424,0.14938920208175557,0.06890370618235245,0.22670560829371664,0.7002113674239578,0.6835317393652048
261,cozy-normal-year,Normal,Normal,3292.915815492713,0.81155286093516,0.7421461327607761,0.6341969014482696,0.8400383078258017,0.6520662542145178,0.6825565381421398,0.5699891523424361,0.7869226815986538,0.864302245294877,0.9066929811676495,0.8295614443024825,0.979970854616593,0.5459625232745441,0.4346220216817132,0.3170278366422569,0.5217458326324621,0.44550504937901936,0.42444186211560586,0.27629031045369445,0.5674597305259855,0.15573341318944459,0.1439234195006084,0.06266243167122842,0.2208385878364308,0.7027427454176085,0.6873998210177344
262,cozy-normal-year,Normal,Normal,4710.377402587548,0.8154177089225397,0.7479070249881897,0.6407037258888647,0.8451563692379942,0.6577289576246227,0.6929730100578165,0.58520373102647,0.7939366988621162,0.8477959387212619,0.9083682220597424,0.832249730459933,0.9805089959103124,0.5460416086708628,0.43463706954382414,0.3155456036917275,0.5216717729824125,0.4549384624949107,0.43359172106047317,0.2886934174661609,0.5767241178055192,0.1675700532964135,0.1395198478414175,0.05816261437128147,0.21820857629257503,0.7014194976886021,0.6928251970837989
263,cozy-normal-year,Normal,Normal,2189.691943740037,0.8195437102519425,0.7405899146868651,0.6270166548431607,0.8435581991547005,0.6677294486389709,0.6894367084861132,0.5768191252958682,0.788973976409562,0.8558954886188856,0.9073259238805671,0.831871777539207,0.9799322195712975,0.5467196878095447,0.4365102231362867,0.3158992148953165,0.5253394678370183,0.46863600733820804,0.4465895983041071,0.3018540725567568,0.584469021789519,0.16364759133381515,0.14309689809496487,0.06397008421567978,0.21974985627293264,0.708289679452218,0.6917873482470387
264,cozy-normal-year,Special,Leave,2162.517266488932,0.822237880564963,0.7280562355248195,0.6107714496330795,0.8364395455886731,0.7134601694935838,0.6910395671923039,0.58441177364731,0.7901864690252475,0.8531856807262617,0.9102147197078807,0.8340858810762021,0.9790464509845418,0.5434376271782051,0.4419164083546846,0.32036586495722785,0.5290610654800465,0.48455569631755213,0.45946193564739374,0.3104891968036207,0.5954609897334938,0.15140733298230014,0.14397014313432832,0.07158622189116305,0.22257009215790977,0.7221154106655552,0.6927033820786497
265,cozy-normal-year,Normal,Normal,2783.5862896597546,0.8230047269596801,0.7231401094168162,0.6101095492981539,0.8289268209452682,0.7046576129699844,0.6926876441212624,0.5834318800927698,0.793732278012867,0.8480156300822014,0.909666619048419,0.8329770443696607,0.982963199126328,0.5402745868974057,0.44324072501662837,0.32069149825452975,0.5320482193230358,0.4762595201290376,0.4663115939018097,0.3158455777704385,0.604995978963573,0.14661237804547028,0.14281267506888776,0.06483933334573974,0.22107842149175616,0.7180796234249108,0.6932019783599972
266,cozy-normal-year,Normal,Normal,4703.873761512943,0.8309186709917202,0.7249003882152387,0.6118485307786345,0.8270059222738775,0.7044983718024492,0.6923819935627381,0.5845551126209243,0.7942132986610744,0.8423857641686427,0.9076353032228416,0.8279636195763643,0.9818499257799067,0.5305849002492825,0.4428260454979871,0.3198471681497338,0.5318429554458416,0.4600239128136447,0.46226407478777654,0.31089771657075593,0.6011633178832025,0.133557773890603,0.1407213973296833,0.06397123225626661,0.2206909092686059,0.7163075436231764,0.6927337046873608
267,cozy-normal-year,Normal,Normal,3806.8211600657964,0.825620513004111,0.7286537725753913,0.62216763147545,0.8304737100264497,0.7199892647555759,0.7032595351664463,0.5953265390165468,0.8074666371334104,0.8456997020762176,0.9100012308095059,0.8303737872970238,0.9829289378168883,0.5316680024405372,0.44391747895055506,0.321537144002349,0.5334529537512812,0.4443217454505878,0.4608997291530299,0.30694149034249046,0.6029263201084094,0.11528419284707733,0.135661147102264,0.05813236499251821,0.21778880829766073,0.7201628020502203,0.697132461145779
268,cozy-normal-year,Normal,Normal,2623.5209085372117,0.8005802571843218,0.7270532386918337,0.6155801370171865,0.8314523672069175,0.7042729496037337,0.6873827301916986,0.583894992873863,0.7899481143768309,0.8429031697950093,0.9051947874047716,0.8263587075400739,0.9809553111444794,0.5306796743745746,0.4384971599495529,0.31961012296969876,0.5300395933243631,0.4572854419707458,0.4493653306457104,0.2931054570959636,0.5906480444928311,0.12196471232752656,0.14193683419001907,0.06331191611262034,0.2228049318136055,0.7117669929370747,0.6891502715373637
269,cozy-normal-year,Normal,Normal,3885.4953396893093,0.7842027561196433,0.7216029606462839,0.6125366221325788,0.8223634754724205,0.7063835168589402,0.6757726374726176,0.574139601666946,0.778686318793425,0.8519668831221104,0.9019177985152536,0.8236853798311549,0.9770292209882538,0.5270925958442145,0.43531894589127096,0.31542302673261313,0.5317378036778435,0.4732944364255926,0.45483745811734233,0.3007760990465447,0.5958139066523533,0.1289858319945781,0.1429326447603936,0.06370710279336171,0.22401374323347964,0.7116443720831247,0.6846051392470078
270,cozy-normal-year,Normal,Normal,3086.0958243525847,0.7921246437004651,0.7111649480575415,0.6047677991295003,0.8143420689910744,0.7274534205484212,0.676247463291934,0.5713940473820025,0.7773007508640338,0.8595790539882512,0.9043623750288139,0.8275113252298627,0.9782684232999567,0.5218005958634776,0.438283855053108,0.3169500884266172,0.537909400079302,0.4703609446833202,0.4558910611364687,0.2959336432997791,0.5968203164814868,0.1304120148507154,0.13851769703555375,0.0599458318424751,0.22125866977135847,0.7185481995690894,0.6843656953090571
271,cozy-normal-year,Leave,Normal,3593.8019600604025,0.7986572732816752,0.7137039875202426,0.6069193819287186,0.8195227872768936,0.6973295273958537,0.6779701008927128,0.5763374046810441,0.7755842434001186,0.8526144831449453,0.905089008255556,0.826368661100423,0.9808088965114542,0.5150025851877338,0.43541595985440185,0.31742528486845284,0.5357179219467859,0.46354599075923925,0.45490283219646394,0.29800162985767503,0.5967504395818427,0.14747997155964604,0.13962899893899897,0.05851160462900754,0.22412749791609377,0.7072560631262431,0.6847200098523485
272,cozy-normal-year,Normal,Normal,2411.1540235307752,0.8046281347615348,0.7172496621043739,0.6108366174359721,0.8198738993311092,0.6931719145923242,0.6817640168021146,0.5806763971536733,0.7804902014753431,0.8593946662102294,0.9053115891159865,0.827123285663176,0.9807632057962284,0.512990358172404,0.43392721608318263,0.31497460292979845,0.5307541180026791,0.462989340936942,0.4645123325707759,0.30879354081167215,0.6069614275908544,0.15487246577136837,0.1366833269994097,0.06040859871564094,0.2162932175104611,0.7075250143807146,0.6874646396586669
273,cozy-normal-year,Normal,Normal,5118.641494462205,0.8009752719791514,0.7155069166908524,0.6088198038008832,0.8215410587048365,0.6980002946063953,0.6721167692680233,0.5674432412000008,0.7721509393770467,0.8615941012963655,0.9031933543645189,0.8258325691474173,0.9790347808263613,0.5126068197216864,0.43118829488986915,0.31148170777172585,0.5282609806681671,0.47869131772713375,0.4683652148653645,0.31416433301283897,0.6056514694906836,0.14552368208907854,0.13993500186889005,0.0628148741886507,0.21925838989664526,0.711115210763666,0.6839759088249433
274,cozy-normal-year,Normal,Normal,4308.783048638845,0.8070439314378175,0.7275518079262439,0.6204955399506216,0.8306591272775056,0.6875771828776334,0.6869523607645268,0.5812772723331421,0.7877263452066942,0.8612609229108501,0.9045261204531061,0.8282161782284614,0.9819319480179107,0.5118236465000172,0.43181189277239457,0.31265326277232636,0.5278474074497422,0.4650063065502814,0.46716464037244465,0.3096125857619632,0.607696917407311,0.13481964380663297,0.13530517139650633,0.05765391449880641,0.21395450201096697,0.7089749007402558,0.6905501358533782
275,cozy-normal-year,Normal,Normal,3331.5720927662533,0.8238914448586364,0.7261374196668956,0.6199522777127107,0.832015767416686,0.67116787359486,0.6807444213477616,0.577147062648672,0.784101780114062,0.867700888365359,0.9020273374697979,0.8280661807552893,0.9807544062251351,0.509363859032678,0.42979214325441,0.31042108221744164,0.526497225156092,0.44936065366576794,0.47074184104737105,0.317084326117956,0.6116475094781296,0.11823939220953046,0.13836857918533163,0.05983565219467284,0.21733179428576768,0.7087365562738512,0.6880077958883244
276,cozy-normal-year,Normal,Normal,3252.411483231268,0.819528098029834,0.7190688204808199,0.6194554078579142,0.8231399735245233,0.6722396787934509,0.6778975345839857,0.5773173988957759,0.7805123497032416,0.8560864738868589,0.9026100109327863,0.8254569882327982,0.9813596311003931,0.5045684380703769,0.43069040158362376,0.3130174950856335,0.527392041826791,0.44091320791545646,0.46816482469969034,0.3174719171592817,0.6105604701981874,0.11085472131374871,0.13587925286280253,0.05746634815470971,0.21621321418652423,0.7049382029516904,0.6862494432031667
277,cozy-normal-year,Busy,Busy,1874.844840299545,0.8123575353427206,0.7162127384495667,0.6141107851011401,0.8229966464129653,0.6501495804263824,0.6691325946088643,0.5675608693889421,0.7798350181446246,0.8568300051091047,0.9017044716698334,0.8272616830610863,0.981729421487405,0.5051466746915595,0.4299220932010773,0.3114919602970634,0.5244147862455649,0.4301381029796676,0.4679905454207961,0.3127741607600492,0.6068481862830938,0.10717940153217174,0.14042361264131795,0.06193774388390067,0.22202381618520198,0.6975484716153021,0.682766469551433
278,cozy-normal-year,Special,Recovery,1102.6482019344678,0.8170670051019214,0.7286731425173121,0.6288267012016036,0.8393141520288041,0.6612580727980051,0.684968684272341,0.575991981670169,0.7917252638684718,0.8558093100657229,0.9035122693280804,0.8241519910860835,0.9798387133509652,0.49520871227279706,0.43027762573747375,0.3113916820504431,0.5286699299016501,0.46079432150780075,0.4804969639708901,0.334120469120792,0.6118810635207468,0.1024302120551574,0.13427976991642812,0.052565472695681924,0.21623323530877933,0.7032261892549816,0.6913768997499684
279,cozy-normal-year,Normal,Normal,4651.9990603295255,0.8149943946172407,0.7380661512056116,0.6375884170556887,0.8482092739739474,0.6908204377959305,0.6964078334890339,0.5889738950911729,0.8046776534449839,0.860284317854446,0.9038456544608269,0.8254879645601435,0.9777187802980425,0.4929489542323753,0.43133200424044216,0.3125897810664226,0.5277646957319013,0.4372650720087324,0.4789101874166536,0.33444268002047867,0.6109169000372391,0.10108155975097742,0.13139085112322688,0.04897174685630653,0.21233518999188658,0.708323798674018,0.696277152663414
280,cozy-normal-year,Normal,Normal,3243.624966397332,0.8280351053583707,0.7540124848506674,0.6543248207578668,0.8611744013084862,0.7166388296008541,0.7052539701765428,0.5998725080860231,0.8139544047167161,0.8568962674093963,0.9027614941428846,0.8246252688350147,0.976830687296539,0.49362404774308793,0.4281734193744177,0.31160292378644966,0.524064939831373,0.4448857030155798,0.47303678022334894,0.325418923183103,0.6089222407030435,0.1058898716117198,0.13103137038373766,0.049225841511247974,0.210845982166558,0.7169135676560354,0.7000266945319342
281,cozy-normal-year,Normal,Normal,4261.732553937519,0.8293429626329084,0.759255496464686,0.6590373253690852,0.8663924502351228,0.7234574194919271,0.7234603263493147,0.61629129024905,0.8331596616386577,0.8578897112872909,0.9040449660873039,0.8269423121604444,0.9776972315440334,0.48791281338734893,0.43136199538945136,0.31539733831336886,0.525621873443784,0.45836310305481215,0.47981266116211363,0.3341278295710751,0.6159904404269914,0.10541740224877948,0.12939363095361375,0.05039270935109326,0.204799998935788,0.7196682816574906,0.7071980130632163
282,cozy-normal-year,Normal,Normal,853.987430528523,0.8220694794926717,0.7745811167659338,0.6747404421475898,0.8772794813437561,0.7111052711962356,0.745164949327741,0.632993601790866,0.8621680039483162,0.8583281243714767,0.907247188684536,0.8306837010821632,0.9758326443865387,0.4928228103364658,0.43271100155332587,0.3129961181524999,0.5214090592786098,0.4651521425471632,0.485596325105342,0.33997681488133413,0.6421951336080791,0.11206907868826374,0.12208228317805515,0.04547920890533198,0.1948339800309452,0.7162259264472312,0.7176064037790248
283,cozy-normal-year,Busy,Busy,936.2153181710942,0.8051580418783826,0.7670449362589883,0.6690141674140851,0.8724646939062777,0.7042450895102341,0.7411693908695564,0.6245524944516869,0.8518297744149316,0.8735638096225959,0.9096616500137005,0.8384841081260777,0.9778402382913423,0.4922381737446719,0.42956967696357,0.3109143251583967,0.5201486505883849,0.43769592701330884,0.47737966259183334,0.3258684194014376,0.6341535652550025,0.130556167907678,0.12606374448956562,0.0498497340199924,0.19635387483778002,0.7095515248200304,0.7139293029970634
284,cozy-normal-year,Busy,Busy,2549.6851841742173,0.8064413207710032,0.7663277109331401,0.6696065521179853,0.868206144842607,0.717673098395549,0.7394360780966287,0.6261113398614458,0.8506434951419969,0.8905633916826768,0.9097900039454563,0.840884350045646,0.9784401445509272,0.48941954288011014,0.42870213487590186,0.31233218714520466,0.5167174500831927,0.4112298340830397,0.48281471640180396,0.33079207904428304,0.6447923808356735,0.13019180771025793,0.13133703927615867,0.05695314486533174,0.20432947604338403,0.7132136185131295,0.7133242647379405
285,cozy-normal-year,Normal,Normal,2185.6440675812382,0.8216067168636848,0.7648908821994529,0.6669863460855319,0.8694550234299432,0.7127056990977836,0.7270826479548456,0.6143540963370472,0.8383584606765,0.8909539790680754,0.9071156488609379,0.8345474044923594,0.9759047885370793,0.48157950689110834,0.4248876382293962,0.3099888044990677,0.5169581658472088,0.44046924891071537,0.47316703931534754,0.33424384880953445,0.6176979328735916,0.1320982613952032,0.13510034888063385,0.05896737016562721,0.20845325613335625,0.71655094196676,0.7073945121101287
286,cozy-normal-year,Normal,Normal,4746.399387667942,0.8464853991545209,0.7692081187867513,0.6708633246667763,0.8708292863168902,0.7170449654876909,0.7345340169199275,0.6235508232266808,0.844592600585856,0.8850666199104623,0.9077942322548337,0.836265567286609,0.9762794999247522,0.48581545783447766,0.425653450814825,0.30988788255881505,0.516055831618822,0.4517969783844052,0.4812966176179456,0.33689040512785917,0.6273282265919159,0.14170858932701047,0.13175443671088127,0.05616376672121144,0.20844931326033053,0.7218992191449289,0.7115215484598217
287,cozy-normal-year,Normal,Normal,3579.3192160795693,0.8673167591181137,0.7658618920771472,0.6665962258057596,0.8726864269005461,0.7259896438586134,0.7320782482354437,0.6219645590100873,0.8404298091995446,0.8697167161764685,0.9074117967854323,0.8372678555469578,0.9770836025318621,0.4842945737989294,0.4255526109019883,0.3093480211942904,0.5153550830627791,0.45151453892782895,0.4887725488882097,0.3446838705509999,0.6365058044698882,0.14745098258006428,0.1325456362749004,0.057693883635192886,0.20829012551049825,0.7239664036730911,0.7109558964843651
288,cozy-normal-year,Normal,Normal,2947.081887646811,0.8483536030451865,0.7571167565083615,0.6618922043677286,0.8621450323649188,0.7280807130583185,0.7285587333421834,0.6195631333366667,0.8377915830244115,0.8694791160393215,0.9085016912895791,0.83551216334116,0.978970262452322,0.4908966829331953,0.4278698251702405,0.3095379657943819,0.5192229094690897,0.45306433791819195,0.4963167328339446,0.34955851869337273,0.6494346187823329,0.14214612600851345,0.12886016874049455,0.053946307977178996,0.20562567463266057,0.7227855838600385,0.7102890335298897
289,cozy-normal-year,Special,Normal,4567.607969192844,0.8556131156029086,0.7652875946954282,0.666981814997779,0.8713971913278721,0.7526748859842406,0.7388965767654075,0.6295531102758986,0.8461955662559506,0.8704646085412142,0.9086758091031997,0.8347611456932437,0.9793452790245667,0.4814203229883846,0.4268912554409299,0.3092799956972997,0.5182426688791696,0.41327799035795343,0.4930836746939422,0.3486933793931848,0.6409760543562091,0.14016549755239,0.12563639447299788,0.051817922339179284,0.20056639537951043,0.7247432848751039,0.7141892386967515
290,cozy-normal-year,Special,Normal,1726.139463728327,0.8708685556548562,0.7728286750871186,0.67441444675285,0.8746134365842981,0.7655927769947122,0.7604700751710719,0.649364045738174,0.871119815802281,0.8761629427028259,0.9102043364409617,0.8327394866370013,0.9835832280185148,0.479865396077006,0.4279608474425546,0.30848130833608506,0.5143632568523129,0.4575468225716994,0.5012267564004499,0.3520998937468128,0.647875242465678,0.1349477552826986,0.12080179703513179,0.04663809211289075,0.19542834982712612,0.7370009611340554,0.7227960466879868
291,cozy-normal-year,Busy,Busy,1207.9623105087944,0.8556550389133301,0.7617580053427757,0.6609203887593411,0.8671279998525755,0.7516701240859684,0.7481550754114389,0.6388251448823294,0.861495451909004,0.887916837028211,0.9110382116853025,0.8354361088030451,0.9851964983488377,0.48425758989969153,0.42711368641767317,0.306261734783061,0.51284200261475,0.44171323682398855,0.4905558720122327,0.3459829171956572,0.6449972674996803,0.13277011548684647,0.12467096077604349,0.04760673571990808,0.20278902377377783,0.7323114643174384,0.7161950918221889
292,cozy-normal-year,Busy,Busy,2241.169573378882,0.8392348535688658,0.7603310845160205,0.6646821008244399,0.8657239211959719,0.7182805592078324,0.7311911650214404,0.6241964154142545,0.8385462399815649,0.8876265159485599,0.907628026685156,0.833976522261123,0.9831981603259781,0.4832632864569733,0.4249633584167258,0.30428373021636734,0.5077311184907417,0.42237936205827725,0.4741790677953134,0.3288115051942708,0.6268068180020013,0.14962964772327544,0.13506137137297114,0.05485775019798835,0.21438705866747762,0.7169786075212646,0.7078306894721386
293,cozy-normal-year,Recovery,Recovery,1088.3683741408215,0.8270774023212332,0.7618447530993856,0.6638767881792571,0.8633859988646191,0.734773131534093,0.7361073553795218,0.6324361684954335,0.8396264307634067,0.8873326486126537,0.9097119822408539,0.8361992148447902,0.9809681354032371,0.4869345471555098,0.4242974026162418,0.3031787434680179,0.5060261074187303,0.44624856763823534,0.471717641303665,0.32494671734649155,0.6222904253178702,0.13318387726083333,0.12854492666334957,0.04780184117344173,0.2088165251443133,0.72371222728288,0.7100233231466075
294,cozy-normal-year,Normal,Normal,4038.2520620311275,0.8361128555464598,0.766611791428276,0.6690944462441545,0.8651798833380945,0.7253831929626086,0.7230275543712773,0.6183329161863372,0.8304608463184162,0.8818484614502305,0.9052031981551266,0.8333771660399808,0.9773837260987073,0.48639251402257605,0.42133279017202147,0.3004879238965634,0.5049212523700791,0.4477399318028252,0.46836646343724275,0.32087794293528077,0.6210255981856523,0.15295210260505784,0.13349630190148068,0.049813807964929874,0.21615072664584514,0.7199947890104782,0.7053715778964065
295,cozy-normal-year,Special,Normal,3610.228382837362,0.8158196287686382,0.7617061228369303,0.6632258963518749,0.861140928006789,0.7285843860983209,0.7295926501207382,0.6248288065077454,0.8372865325220373,0.8910797406485145,0.9078348990459466,0.8318521191061966,0.9782431116087814,0.48476804478012153,0.42166812906284035,0.2995640927607311,0.5085758109133217,0.4351472820539529,0.48194929072954146,0.34078945436978664,0.6332046481760152,0.15618879326347526,0.1272277771314582,0.04221866197273614,0.20896310842638943,0.7170197866970447,0.7088307893671795
296,cozy-normal-year,Special,Normal,2768.5093510557645,0.8304752004742354,0.76135519763787,0.6647271431941495,0.8610429799116807,0.7426528943353525,0.7430628631201639,0.6381917725170002,0.8505260931780945,0.8982885342667323,0.9101608421107893,0.8327281681863521,0.9806951237385813,0.487307096813635,0.42293807618814616,0.3009018978071553,0.5089321530240564,0.454338587892985,0.48564053706280486,0.3427392362174914,0.628686879123814,0.14609506297618544,0.12079012746929346,0.03603688915324355,0.20332962826498036,0.7281433403833384,0.7138533582970981
297,cozy-normal-year,Normal,Normal,4860.200328260422,0.8351955779363253,0.7596878550688521,0.6633069398994269,0.8536689111621337,0.7251356706050927,0.7362896118592132,0.6314141928065099,0.842502172854339,0.8973525848167001,0.9091951517068331,0.833813899854886,0.9793795810389543,0.4950859263237887,0.42184366599562245,0.30040549248050585,0.5087557893115328,0.442488197918552,0.4772167102410831,0.3358830180205921,0.6247845542730033,0.13865011281158438,0.12053380764177356,0.03576918293014041,0.20256908417537198,0.7251120773448401,0.7105906911402047
298,cozy-normal-year,Normal,Normal,1231.8824806755222,0.8360792786997193,0.772811271739557,0.6748955745460143,0.8637771293774186,0.7251575283719931,0.7336885128279873,0.6227365909983587,0.8375121789277603,0.8964272543789504,0.9072611849606119,0.8322252720049298,0.9810056655428242,0.49882841408649586,0.41844798416082096,0.29663096569645,0.5037084211482898,0.46643627422982775,0.463564634207382,0.3192512618873244,0.6170208859557417,0.13062960021292405,0.12334923670981018,0.037763378998735914,0.20964532150649634,0.7291266795325659,0.7095892576698019
299,cozy-normal-year,Normal,Normal,3223.5149158460445,0.8180040402095442,0.7655624047091029,0.664958960826994,0.8638954042163827,0.7054428701206902,0.7411478549331628,0.6333744424178746,0.8461184647985229,0.8926028189330563,0.9103616300144641,0.8331992423005462,0.9839296542065924,0.4993805558979106,0.41945635568440154,0.2981372832133598,0.504865764493173,0.4628622336516828,0.4702165190889458,0.3288710158830057,0.624731148556341,0.13006323407452922,0.12243655347853205,0.039938069490327535,0.20547418116227287,0.7199314197923996,0.711753701245257
300,cozy-normal-year,Busy,Busy,1538.2964511572623,0.8061112908798128,0.7606682566065811,0.6559705647673587,0.8655904713943873,0.6904118701194003,0.7304570096631754,0.6220697061928673,0.8342318101325364,0.8794436020714347,0.9112628163160598,0.8341203642026904,0.9829823203516055,0.4893237909713601,0.4170539972955429,0.30035735803031866,0.5053875946724299,0.49117570268620253,0.4606784893354348,0.3124816336721523,0.6138904010110141,0.140356241324918,0.1278472534616134,0.04275181559569235,0.20892373558959917,0.7118772300209115,0.7064056499162139
301,cozy-normal-year,Normal,Normal,2575.374486693673,0.8030709994833927,0.7567900732948002,0.655606006870673,0.8601564134221111,0.6865256787219991,0.7354330017112486,0.6252941921372819,0.8410134967805352,0.8923768175367485,0.913049318434749,0.8350556382911416,0.9843042765506479,0.48099713894476886,0.41692477061237754,0.29826798199076904,0.5076709419174916,0.4751250971233301,0.4624005485591647,0.31369560116890266,0.6115144329964077,0.1444408831244929,0.12330279391607295,0.04227109922505795,0.20477968912035208,0.7094387776971401,0.7079320715557074
302,cozy-normal-year,Normal,Normal,4617.121169066933,0.7840255260134756,0.7577384946069557,0.6555402829028797,0.8592150207926845,0.693348888561205,0.7448180458412311,0.6363181845134454,0.8470833991992572,0.9011562918844855,0.9158914376477583,0.8354210851473061,0.9858673312429789,0.4874668897008092,0.41746544784478234,0.30061846247944957,0.5092728377735235,0.4531859477519693,0.46399696823501385,0.316012801608241,0.6124563404432656,0.14289986419162098,0.11820294151848534,0.03669651558484158,0.19829920379259877,0.7082482453853081,0.7117895720282797
303,cozy-normal-year,Normal,Normal,3621.5561231510146,0.7740118476606523,0.7640873085907395,0.6605127675955258,0.863904264067364,0.6750194818518672,0.7474768059842608,0.6399476906299412,0.8526670133039154,0.8844632076481113,0.9135279953919742,0.8333448259351461,0.9840935938894171,0.4892412176750191,0.4176888981785052,0.3005740849830573,0.5087044918312551,0.4544778628372244,0.4738661529886177,0.3262723615259188,0.6226693005679192,0.13795201024494058,0.12008318018279553,0.038632316363344785,0.20097014532325533,0.6994456032871101,0.7140576986398224
304,cozy-normal-year,Normal,Normal,3208.4530850049528,0.7717796144713477,0.7680418606987442,0.668511623836362,0.8676560067549981,0.6661649462648406,0.7407277971293778,0.6339732636308949,0.8438628050859648,0.8686989390022702,0.9123924354349706,0.8344603938138576,0.9837927184655667,0.4913854593127085,0.41479831735579936,0.2972477293653969,0.5077013173214776,0.45742460859905154,0.46395902524571886,0.31971275925285697,0.6168026024692791,0.1271967748901856,0.12134211494448527,0.03764205223157966,0.20137671993676054,0.6954200579184173,0.7111769833546211
305,cozy-normal-year,Normal,Normal,2702.962916931333,0.7791046219333092,0.7584432826783049,0.6574178244099591,0.8562400512814229,0.6806799324680701,0.7297351813060802,0.6221645285872214,0.8352310336261034,0.8803111641158697,0.9114151631500055,0.8319423350582699,0.9833039142045308,0.4857555601340251,0.4151155382373341,0.29702871183378116,0.5056646109438503,0.4322174505119794,0.4560998735675043,0.3062810226401178,0.6008105595460395,0.13962990491900448,0.12347715639345933,0.03844846171008251,0.20191992526645688,0.6977728665740485,0.705478375409669
306,cozy-normal-year,Normal,Normal,3657.1729746468127,0.7879107208054742,0.7482365324724899,0.6455801340759945,0.8469754896650421,0.6845213221251624,0.7181204406815227,0.6101545784672832,0.8231922460349833,0.8837886649733596,0.9082669093100195,0.8286813108578104,0.981241354088646,0.48593492870480165,0.4128976142956226,0.2948689107049589,0.5048565149556352,0.42885181717707094,0.4531164231204262,0.30436328996650375,0.5992731839042922,0.12876730270888026,0.12536595353088545,0.039368973876173816,0.2036518786844978,0.7017585514823059,0.6992358973548908
307,cozy-normal-year,Leave,Busy,1243.4062812836687,0.7849631177703873,0.7402458078414799,0.6264080298149493,0.8427415683774949,0.6936907950257858,0.7156490930708688,0.6147393671492583,0.8200033214338528,0.8853060604228995,0.9087825332507308,0.8292118745608522,0.9827359248540182,0.4795251684983539,0.4096844394182186,0.2948183288467065,0.4997825342940279,0.4606141179718091,0.4492845226898887,0.2909624492248251,0.5888441429953754,0.1446084829445799,0.12828527281661833,0.04513757445310817,0.20605938652722447,0.7047080036818737,0.6960553058504707
308,cozy-normal-year,Leave,Busy,4418.991664122684,0.7863852244792943,0.7329595803999991,0.6208765000562381,0.8380159059069034,0.6938837050500027,0.7052783727195877,0.6045841486538626,0.8091989351028817,0.8937297447558553,0.906254940955367,0.8273646740786792,0.9813624738391296,0.4848183749782585,0.4078354442314008,0.29378718921873265,0.4968007440146394,0.45873327403055275,0.44277402228851215,0.2916920080943642,0.5844097834375295,0.14911528545290506,0.13584475457493972,0.052055698797500556,0.21508204701559736,0.7068862872145365,0.6898776439142366
309,cozy-normal-year,Recovery,Normal,2091.485197855717,0.7854101327975088,0.7313698206035213,0.625978748589212,0.836199530655897,0.7204998931121287,0.6955318961894541,0.5906726119360143,0.8002950250686822,0.9101234813169734,0.9025011761814454,0.8286370898009836,0.9789134062282727,0.4842932351299894,0.4047031731528731,0.28710292666364096,0.4952633107745315,0.434281753770328,0.4364387357252505,0.2764505385273125,0.5823595349873201,0.14241498255275215,0.13512772158420705,0.0497923401296639,0.21242748064145586,0.7145399057252375,0.685277773468103
310,cozy-normal-year,Normal,Normal,3551.308062861371,0.7793628465818748,0.7264606293397985,0.621385706657047,0.8330147990694577,0.7391103892935411,0.6843338202139403,0.580273265732801,0.78545230601074,0.9081671216047201,0.8999135062701147,0.822326522535391,0.9757078492413437,0.48446666308552433,0.4005996898673098,0.2855434039480639,0.49343763901692583,0.4776909353723814,0.4308569048042724,0.273612677067912,0.5734916527171848,0.15035487460859087,0.14107749756150925,0.056025098019137146,0.21765381724562533,0.7217215155528536,0.6792115297397603
311,cozy-normal-year,Normal,Normal,3574.240440204634,0.8203666642898769,0.7349287248106787,0.6286311495364237,0.8400127316461194,0.7527832095235334,0.690441435887405,0.5853568208070684,0.7934893294743537,0.9188529791089323,0.901105051558212,0.8225928064921718,0.9777210146433023,0.486823567411962,0.4010793549697903,0.28462393157720367,0.4951154524594263,0.46777479381321796,0.42945974744217436,0.27451962956985787,0.5726341353271633,0.16464449731134667,0.13741479276972712,0.052424043147881016,0.21391479356222387,0.7325149461490807,0.6827903294862487
312,cozy-normal-year,Normal,Normal,3058.5377182175744,0.8206845805686972,0.7316336272635673,0.6269678759068915,0.8373631835097597,0.7324134581026337,0.6984113706282129,0.5909396156103156,0.8020285526252928,0.9219606384149601,0.9045727658291195,0.8281813701570084,0.980610274510287,0.4914992283479734,0.4023556284271419,0.2847855659803501,0.4964598131646544,0.46469543036109234,0.4314644574812518,0.26892227821823417,0.5763182327510158,0.1568047292785437,0.13074187184147373,0.04436090212732294,0.20847626950554704,0.7292946176585574,0.6859752524174523
313,cozy-normal-year,Normal,Normal,3208.361115688145,0.8314364855646658,0.7273790806611922,0.6226061137434369,0.8343466420262104,0.7218038888710584,0.6813265282774152,0.5733854928217058,0.7858137105998457,0.9127543409367525,0.9003708648170468,0.8233269538449041,0.9772158606144381,0.4949490680012465,0.3992440043634053,0.28256976593711297,0.4948785387266454,0.4451763729425051,0.4209810173829955,0.2636149305382469,0.5681164909025953,0.1434296934853867,0.13865030633532835,0.048618097259413635,0.21807820583047957,0.7264786903620912,0.6776559615285193
314,cozy-normal-year,Normal,Normal,3249.44994061368,0.8326617272995516,0.7326589809268971,0.6318762728764351,0.8343586309534379,0.7219174967117853,0.7003881180202297,0.5952167835859031,0.807952135419666,0.9163602908896392,0.9056454355073826,0.8283991359996691,0.9800055450644025,0.49144750126327114,0.3999547711425269,0.28339585051035,0.49302497351739827,0.4181279726308357,0.42997889784041105,0.27294807549976285,0.5777076594659202,0.11660470050679236,0.12938981980601283,0.03945424242165272,0.20967243798065666,0.7265957504106295,0.6864561933380237
315,cozy-normal-year,Normal,Normal,3414.939062337544,0.8210143399642647,0.7282874155553924,0.6265206093702668,0.8322833218715303,0.7049940717294054,0.6878038088157185,0.5834404281198238,0.7962263482824161,0.9310093315453861,0.9015728133472001,0.8245186092683865,0.9774342717526552,0.4913258157982175,0.39533301067172144,0.28116082391627406,0.4889446886509331,0.41142779167915583,0.42213542452037167,0.26669572401684766,0.5673097910388724,0.11775353701752872,0.13595697303332915,0.048521835494563265,0.2159203773285188,0.7223267993456652,0.6794497307747237
316,cozy-normal-year,Busy,Busy,1290.620666476943,0.7957031070264922,0.7231098825514423,0.6177206205737082,0.828741431002653,0.7070313373378614,0.6789087921750858,0.5747020639816133,0.7837254463781137,0.9183973360850458,0.8988460528987571,0.818684921142265,0.974398995735845,0.4924023256399825,0.3941319995991363,0.2792134601845031,0.4859455647011053,0.4112219129961294,0.42437611780459633,0.27092091244437155,0.5675828011106675,0.12434226291826281,0.14182520015826142,0.05397141383351078,0.2204616174671717,0.7152484170563883,0.6752161603613238
317,cozy-normal-year,Busy,Leave,1953.6214451387843,0.795332865471971,0.7179501627874126,0.6192436023609418,0.8224173390640065,0.6952456029153821,0.6863589859345948,0.5806553257953756,0.7937483346664858,0.9173771152047646,0.9017283063233962,0.8265831787397601,0.9770876445505714,0.48877153881497976,0.398175980992422,0.2820646086361357,0.49376024730122353,0.4381644270033323,0.4321236367853537,0.27925908997763255,0.5754751751042889,0.13844995874860141,0.14374994898563828,0.05919206999513724,0.22176653738111382,0.7130032768606563,0.6780331991566748
318,cozy-normal-year,Busy,Busy,2206.2690312516343,0.7877638059819076,0.7160235172430753,0.6182146632751799,0.8224548797196288,0.6493709337408601,0.6832526277314246,0.5799867885693848,0.7912310685512164,0.9118945154602242,0.9014937542118343,0.8252468785786427,0.9758253712096914,0.48962996599215886,0.3990387084107831,0.28071479813979405,0.49723479765063383,0.4283067740254756,0.4396675311918465,0.2972940391902328,0.5879753586785716,0.12610928347639128,0.14928956326637413,0.06556073983326954,0.22762187771806006,0.6993627329579118,0.6772768063291675
319,cozy-normal-year,Normal,Normal,2278.399913126402,0.7867501803726039,0.7240173619798176,0.620894948441154,0.8281435845899763,0.6657525275518741,0.696298293187619,0.5935024584973949,0.7966567260483421,0.9019735211104066,0.9032027040262978,0.8254975764894792,0.9807227710163232,0.48582417100262326,0.4012355983800138,0.2826469740258957,0.4929605309988238,0.432596544785659,0.45141054873326675,0.3031786597058747,0.6081222041915876,0.1293545463714031,0.14595300433538216,0.06027686460702311,0.22528358951598215,0.7008299012268204,0.6842957949264549
320,cozy-normal-year,Normal,Normal,4720.924875518259,0.7887284546781456,0.7245827342000014,0.6227358362563327,0.8285647986528878,0.6331861203819811,0.6938041613848803,0.5889224312597263,0.7978708504541584,0.9092798023216794,0.9016287892629172,0.8249986820018003,0.979649648774642,0.4895874570992369,0.3971085752615914,0.2795549072027087,0.49293336894646667,0.41212820905651587,0.4451503438764234,0.2939283398221018,0.5964283051598178,0.13033177031596105,0.14575529254548517,0.058831630853692446,0.22511940999607766,0.6927585315023959,0.6821300709685164
321,cozy-normal-year,Normal,Normal,3942.7658852303316,0.8032298191577182,0.7387076167185264,0.6312835703325408,0.8398669315720406,0.6314005141166878,0.7004930105190852,0.5955307931458832,0.8039159896396263,0.9223625641665399,0.9024301744246188,0.8250182531149984,0.9797803738226278,0.4882741824059121,0.3977849659022051,0.28033463318355284,0.48969960845124505,0.42408747909490097,0.45066439823715626,0.29928089643814604,0.605410533348059,0.14910139551056636,0.1446033997993779,0.05838850271478228,0.22424555777992478,0.6967673611451978,0.6873349968945319
322,cozy-normal-year,Normal,Normal,3014.1129772667173,0.808599612000558,0.7446068905115079,0.6393292280598376,0.8461683310503677,0.6395803658858857,0.6988153460339908,0.5956547631108177,0.8034593732900381,0.9269208928561297,0.8993675755694597,0.8212624513962984,0.9773231605074316,0.4934059380814545,0.39428591101850435,0.27805754914409503,0.48603418358398953,0.401021984494958,0.44216635443585306,0.28389215363015985,0.5993698944095895,0.15348037441482307,0.14482556206323455,0.06221369332405874,0.22220516645778113,0.6985365311487935,0.6858480804590421
323,cozy-normal-year,Normal,Normal,4313.227661850148,0.8003898786096457,0.7332813576857047,0.6319026396297147,0.8349470205076006,0.6523311942434619,0.6838486216228364,0.5802370611036717,0.7886912672535478,0.9281647501566753,0.8966404585661542,0.8160206833204552,0.9730201429662864,0.4929033481192289,0.3911274803932104,0.2731854637132255,0.48893861306253633,0.3784541080338793,0.44522542014466576,0.29229037090411286,0.5980901918357129,0.14283859971267063,0.14648918448761367,0.062371399549029455,0.22527215421790234,0.6989965543534731,0.6791871661324322
324,cozy-normal-year,Normal,Normal,3219.5289984928127,0.7971522684591532,0.7456828400149972,0.6453583835035763,0.8465097309925773,0.6690761019551876,0.6830816142053336,0.5756477995556765,0.7874253455668753,0.9150000332673704,0.8942364345516962,0.8128035987384258,0.9722379491020746,0.494641484887964,0.3863218541257883,0.2701513662322832,0.484163926807519,0.3570953125990421,0.43315085588654145,0.281663874800688,0.5814600883676017,0.1449497680239902,0.14724089698983087,0.060722985321299966,0.22548286361189832,0.6976845856304884,0.6785746027730347
325,cozy-normal-year,Normal,Normal,3708.695362415217,0.7945499889284781,0.7691574332211609,0.6670446751222481,0.8660752898874504,0.6717892572445621,0.7033509238298005,0.5993273261462533,0.8063647611379623,0.9068788482350111,0.8958042235369643,0.8164341752774206,0.973380495622763,0.49052144097514844,0.38676758019344465,0.2701443719102537,0.4825447758006507,0.35731299427876095,0.4301332913643088,0.27964052446197457,0.5817167755541897,0.13187911944475458,0.14422896047736897,0.06289800649031162,0.22511737522782574,0.6969420299474807,0.6882214924779402
326,cozy-normal-year,Busy,Normal,1967.4761249767628,0.7897928867660791,0.7625497446752468,0.662460723397169,0.8598758960917194,0.6854245846866439,0.6970718377255828,0.5934151658137866,0.8007955765847151,0.8976580724332699,0.8942734307329293,0.8150526665338632,0.9715068427450407,0.4897789630676778,0.38486478778684047,0.26823138049001555,0.4805518785134171,0.3431100423882968,0.43066832440069813,0.2805986179839243,0.5805176693978277,0.13268653774241684,0.14920155817900374,0.06655864357559008,0.2294717481747565,0.6958885652555087,0.684413325531597
327,cozy-normal-year,Busy,Busy,1715.227393987227,0.8255527840974468,0.7572217333427617,0.6539639068053845,0.8582249051984326,0.6621029778038849,0.686548752851862,0.5838915118572233,0.7945200228327249,0.9153424468097134,0.8922909891322623,0.8127373171806441,0.9691388291284285,0.49069714161918393,0.3856212116053775,0.26663239519611276,0.4826021982764639,0.3815293197101808,0.43246550453159416,0.28638820049523916,0.5834853128901486,0.12093652765700548,0.1569647932676863,0.07707864211454468,0.23859700627993102,0.7055798500119431,0.6799694180696823
328,cozy-normal-year,Busy,Busy,3828.1800550064318,0.7936350892887827,0.7541898888892631,0.6537273233047878,0.8531180247751177,0.6528595107123782,0.6869026356761995,0.5831651497623924,0.7974781374093226,0.9120596647554229,0.895287140056796,0.8152713925084328,0.972594233134178,0.4859804109635124,0.38710799538503593,0.26616510026237483,0.484251996782406,0.3784572188519614,0.4296763321706709,0.28322233949969133,0.5805055203758746,0.11831758236583939,0.15735906098391902,0.07715519293301308,0.23878258667718869,0.6960365282924539,0.6800030366324641
329,cozy-normal-year,Normal,Busy,2206.6018256401453,0.786990713560777,0.7510823969362975,0.6493199536755171,0.850301195514734,0.6823373735328352,0.6975672832032477,0.5909246284271095,0.8021878844618652,0.9334665694344199,0.9003234712093181,0.8187113462292194,0.9782260307729127,0.4896120140961796,0.3895194563805527,0.26920354868879937,0.48405388596295446,0.389346276816158,0.43595792635408526,0.2931903230598667,0.5822064061296189,0.11675878205729603,0.15618122039411986,0.07870855092162174,0.23611061510975298,0.7084261202104692,0.684311709371635
330,cozy-normal-year,Normal,Normal,2991.882844037309,0.7829644768576994,0.7556761957744924,0.6546218235902022,0.8525483092324181,0.6852825305136266,0.708353996320377,0.6042148328426137,0.8154895176659066,0.9221857661431553,0.9035719107336982,0.8224134650872269,0.9809531465621648,0.48394388295379,0.39229885578682744,0.27580354227794646,0.48826971620845316,0.3934546763470862,0.446925986777216,0.3042549767911703,0.5910168099051791,0.11585537449653063,0.14955222861820444,0.06996698522437839,0.2269173901641617,0.7058168899125564,0.6907990490758084
331,cozy-normal-year,Busy,Busy,708.8389288978715,0.7736953549423784,0.7437705303698086,0.6511861308551712,0.8443427815066656,0.6936923800855485,0.6992663542079468,0.5960572799863496,0.8001448043670181,0.910014016358029,0.9010594451519527,0.8260261328698562,0.9744850354718116,0.4843680607727453,0.3917691185146224,0.2716827038771807,0.4875303153676486,0.3894618184437662,0.44278790661739276,0.29440929887600115,0.5896870141433476,0.11929312402852665,0.1577893379678753,0.07375622038289531,0.23156226911947067,0.7031014395322219,0.6845179679424079
332,cozy-normal-year,Normal,Normal,2622.3550351674035,0.7859375653120961,0.7385607650158165,0.6470393446811439,0.8341155028244497,0.6926998766205593,0.7018493438440032,0.5980143171951542,0.8073707512647017,0.9099384915226376,0.9042257798979267,0.8261477819487146,0.9784476792573645,0.4886321935340615,0.3946046484215149,0.27675179805141337,0.4936638698279473,0.3973131120452413,0.4487182591987158,0.3039953293108815,0.5888392306409684,0.12148906310446173,0.15521276733233444,0.06883742922958555,0.2342727995922124,0.7063681161958248,0.6862229051695008
333,cozy-normal-year,Normal,Leave,2529.726905175899,0.7768189237296647,0.7325057781238246,0.6353890384474798,0.8330690991348084,0.6932882513176155,0.6972911192774268,0.5945403622021745,0.7999210997273929,0.9111055613034849,0.9045744504178048,0.8276085880419282,0.97912409160338,0.486437666055082,0.39491713699760667,0.2776797020303866,0.4919982668198461,0.39851315062506426,0.44471876835338947,0.2903340998876875,0.5883940653344872,0.12004145642863837,0.15859300858995704,0.07526947208178979,0.2390370774772605,0.7050329088561469,0.6833352155447003
334,cozy-normal-year,Normal,Normal,2774.511917262514,0.7744114245156879,0.7413641550261424,0.6440237055993634,0.8404048512625595,0.7054334618461485,0.7026804526490906,0.5976795304501739,0.8135190922216432,0.8831548285526157,0.9023766626926363,0.8274587924443542,0.9778238417881301,0.48274934148624943,0.3930713353805843,0.27624456151725685,0.4906581934631136,0.42491228561090444,0.4567518112275854,0.30792833228295086,0.599512802109267,0.12763288445616291,0.15642188608255275,0.07050934172033103,0.23671052054086433,0.7036003451942672,0.6870829178931782
335,cozy-normal-year,Normal,Normal,1658.3912801836857,0.7845856924608302,0.7459995898515044,0.6450013303710161,0.8405392451460791,0.698609615414028,0.702794049455382,0.5988017710963085,0.8125796732097358,0.8896383162011704,0.9023714469587282,0.8301788746782629,0.9790356774788591,0.47975021769888565,0.3905308459796159,0.2734609915905,0.48798303625415695,0.43364423366887656,0.4639463672843125,0.32073519651315047,0.6124369760297047,0.12854089969355087,0.1522817263651099,0.06812286487163116,0.2303701356429148,0.7054123023027337,0.6887435910503639
336,cozy-normal-year,Normal,Normal,4212.98848010962,0.7984759807749313,0.7429297854427335,0.6465449508749752,0.8407296097379559,0.6787648178091968,0.6862895567566065,0.5814160148924077,0.7951423572425971,0.8829055573121957,0.8986809966880214,0.8250031892751163,0.9731863556024513,0.47990046349546867,0.3852759953711103,0.2679216419493589,0.4840257549180874,0.42290978333213,0.4539508691146517,0.31232740084619237,0.603742727586395,0.1362401316488249,0.15807643548799127,0.07165071005444587,0.23921193314634545,0.6996781296151527,0.6808070612196382
337,cozy-normal-year,Busy,Leave,1268.020627073333,0.7794763839628677,0.7371253378850876,0.6399862395593017,0.8363040231567442,0.6546062675605183,0.6803127520147866,0.573181064428487,0.7912106979471277,0.8674063902124005,0.8975010671767706,0.8211309858188706,0.9757487936525243,0.4822432954853576,0.3863217832217232,0.2702826174077216,0.4876491038979184,0.4777691103950109,0.44821941744579025,0.3006930084625127,0.6016831341568019,0.15326479951183553,0.1625006598590344,0.08230589953960041,0.2449622640120441,0.6918256435158509,0.6771265175069758
338,cozy-normal-year,Busy,Leave,2892.9806777664103,0.7653073538442036,0.7265768208218395,0.6304322318383232,0.8298927635799386,0.6508504745636632,0.6606488824629037,0.5520112147129834,0.7668411021274434,0.8630274660806219,0.8938269607818273,0.8146483928417452,0.9729817689518971,0.4814564670199319,0.3838095692798145,0.26569448987050626,0.48459718032377713,0.461277188219808,0.4338128081110663,0.28932832335926634,0.5824289256989827,0.144170346392165,0.17288941644022368,0.09265897608827882,0.25728924954303756,0.6864299263371483,0.6665514388529876
339,cozy-normal-year,Normal,Recovery,1139.5371547170826,0.7922937327526255,0.7463108911131123,0.6451086127228428,0.855992222716892,0.6292555676864301,0.670179505004342,0.5585231970420516,0.7760512284836194,0.8680252174954453,0.8928127231628491,0.8108795314777976,0.9681818043677723,0.475940145308946,0.37879719583477617,0.26283539122666494,0.48554617704757025,0.44265758521104737,0.43314383804312495,0.2986574666518197,0.5781959275617189,0.16184813386202704,0.17119210187154757,0.09222285554460345,0.26167578112559253,0.682189751552613,0.6715775446151688
340,cozy-normal-year,Normal,Normal,3896.6900974432465,0.78335677936095,0.7431155544376599,0.6452740065841079,0.8476498198233369,0.6483992042083706,0.6559674903515562,0.5425620391016607,0.763374235312142,0.8750706755738138,0.8881948061354985,0.808682052338375,0.9671281273147596,0.4724861485157396,0.37542416164689113,0.26083848902904366,0.46927146728793534,0.4901671199310677,0.42179067877921056,0.2815601095276345,0.5723159743076506,0.1625971485433771,0.17272853144122513,0.09464637319975365,0.25932620700790393,0.6913746085524246,0.6645836209988607
341,cozy-normal-year,Normal,Normal,3816.6476301896405,0.7900432388863867,0.7473841159597745,0.6495596732434815,0.8560249238018547,0.6579670214038021,0.67533286659492,0.5686388353505111,0.7803941054771545,0.8817809830274105,0.8933038173590283,0.8136456853013458,0.9694222667109741,0.46953680114044377,0.379194077369007,0.2631661341248012,0.4820317760322853,0.4551589201388284,0.4299660792955105,0.2845999945947883,0.5783320618071414,0.16033475027783056,0.16355059898135857,0.08537187646909082,0.2464469884484318,0.6922156293259414,0.6736353821967066
342,cozy-normal-year,Normal,Normal,3089.0608910674687,0.800915250597867,0.7422194632421298,0.6461584326192535,0.8476305600497698,0.6575796604004392,0.6765725935472148,0.57066565523483,0.7799491091383765,0.8848013639459442,0.8952257532589751,0.8142040611820047,0.969965334837314,0.46439855728952206,0.38101283644491646,0.2636363854852195,0.4857393203744688,0.425698119984006,0.4300683102023294,0.285433975670555,0.5802670257156539,0.15829210580908218,0.15858105020748636,0.07871641161028176,0.23873498289862524,0.6908212847805706,0.6741992653548764
343,cozy-normal-year,Normal,Normal,4781.193605863272,0.8160672574078689,0.7424992615462577,0.6452410181607137,0.8473198466255407,0.6644202942666804,0.6813880655590214,0.5736956797447934,0.7869640691160237,0.8887877609165107,0.8954737550150532,0.8160101853683271,0.9704912284356214,0.4616323590948526,0.38239510872643434,0.2660574858802487,0.48698966833374246,0.4301194292904224,0.4349205642208531,0.28975903626683186,0.5854769959507977,0.16035187730208136,0.15665849374131224,0.07757293511849454,0.23772330767444028,0.6958938590303033,0.6764502645574845
344,cozy-normal-year,Normal,Normal,3878.815957488796,0.8178331093208223,0.7520694555594125,0.6548787888140005,0.8550970777010494,0.6440514757598034,0.6845849170442757,0.5743384830760861,0.7888661207127579,0.8853995749602722,0.893656118094337,0.8140135733374744,0.9678926360015245,0.460374994718794,0.37860825198792525,0.2634192582679418,0.48170528176555055,0.42163317361520025,0.4272160249108528,0.2809959196895191,0.5776340665759304,0.15691077010655086,0.15498324655271378,0.07814281905336763,0.2368889175050267,0.6896513148517772,0.6773227132836211
345,cozy-normal-year,Normal,Normal,2929.3161377603196,0.7938824625368237,0.7593158226699237,0.6615561496978408,0.8621171862801341,0.6720670574059001,0.6988692440770314,0.591821946244257,0.8070873549599944,0.8949024498579154,0.8975546222815521,0.816964723524312,0.9721624311558871,0.46490389744255134,0.37871760262758675,0.2640820520456232,0.48474754481600657,0.39135236360437103,0.43027150650795615,0.2853320635760547,0.5766021835624583,0.16134998490274813,0.1479917793386818,0.07274176135935768,0.22765668356242258,0.6911944826767007,0.6840305877585755
346,cozy-normal-year,Normal,Normal,3995.0905138738426,0.7779278019385293,0.7575983496393913,0.659333567907987,0.8548089265805029,0.6467286059826106,0.685615332825993,0.5787098352709733,0.7877689634725079,0.8974264279351595,0.8933921667012942,0.8124430262846593,0.9690906388381677,0.4617630787502167,0.37270988296910545,0.25940857984126986,0.4746027645031602,0.36991843589430107,0.4190031655222525,0.2756995116690495,0.5725290692927251,0.15485744172328758,0.15200848126993752,0.07463497122589505,0.2337077180924429,0.6802818178076988,0.6769730508373584
347,cozy-normal-year,Normal,Normal,3800.205824074365,0.7919040599792984,0.7588630298924134,0.659369304063235,0.858051191472536,0.6551938163553709,0.698200326135234,0.5890985128621732,0.8002950858076772,0.8947673476848331,0.8975785431685737,0.8169776825441789,0.9732998400484064,0.45812138302191585,0.375078953785073,0.2610254885655917,0.47885877835312785,0.33990432389404385,0.4237421657759865,0.27834473944919513,0.5737191331182745,0.150632822249162,0.14523701380522847,0.0677511243405613,0.22654832312680986,0.6809202691090183,0.682761705008605
348,cozy-normal-year,Normal,Normal,3126.4236884434245,0.7971187080094077,0.7590265966994141,0.6594775347060073,0.8594443414511586,0.6474327393140219,0.7005400304635613,0.5956228829281203,0.8015715679570328,0.9083748777965784,0.898785314453494,0.8189455384680545,0.9738689934671914,0.45735190599481335,0.3769639417326221,0.26342569008938604,0.4817944730001507,0.34572431476666554,0.43316129702340417,0.2823628003460067,0.5830147511835657,0.14901605396932066,0.14178947984503373,0.059429026814109415,0.22112321036392948,0.6833189020160857,0.6852998832777742
349,cozy-normal-year,Normal,Normal,5008.67625591881,0.7781803448505216,0.7604098314848361,0.661862607618352,0.8613236521520479,0.6453025394997618,0.7014540477677561,0.5989825014772759,0.8057821354776136,0.9106316946962522,0.8988792918497972,0.8195470102591895,0.9751415140118039,0.4589030375572055,0.37736034683184755,0.2627987598619999,0.4830587551683539,0.34434214249916284,0.44063241252074403,0.2906956394950495,0.5911541096751906,0.17754007876696148,0.13963077938469903,0.058316203644405616,0.21835726228740995,0.6770725496946494,0.6868972829110765
350,cozy-normal-year,Normal,Normal,4112.856516936834,0.7808040082537818,0.7622176956507046,0.6624051864062933,0.8616527922508938,0.6551677084773188,0.7053989565776864,0.6028502990645493,0.8064316885242573,0.9153629597958045,0.9002878115034364,0.8203549911475029,0.9763083227681262,0.4545909961924097,0.3767119443729986,0.2610966122342582,0.4806800575540882,0.36524001731415784,0.43851824635296577,0.2909359414119253,0.5899265723765154,0.16966631210108046,0.13592039686020269,0.05342847601538913,0.21340318339368572,0.6833535706494063,0.6885253651747216
351,cozy-normal-year,Normal,Normal,3345.2227070586273,0.7828821771262667,0.7584883741874295,0.6608317857888264,0.8567596712297323,0.6583850483191986,0.7048390830482819,0.6008222394462689,0.8097545119825863,0.8993486948156298,0.9004341442887879,0.8191798558226859,0.975143101727358,0.4520868210638313,0.3782637207509173,0.26281755907958504,0.4825446179613449,0.3326554163163207,0.4363764356366022,0.2866617870326602,0.5893439909635596,0.17114296091564593,0.1330250519820046,0.050484503121468655,0.21071173495678203,0.6771964839990973,0.688045605015538
352,cozy-normal-year,Busy,Busy,782.1303089141983,0.7618620787170911,0.7517559422833524,0.6582527981386621,0.8490043230354974,0.6658255000748666,0.6961315397463201,0.5970239915347718,0.8004744058505717,0.902361438159881,0.9026568451431136,0.8277362695470006,0.9767547470530376,0.4514649761874281,0.37743847544934006,0.26036929061817615,0.4802686120189858,0.3100169201872479,0.431588106290201,0.29298770660773243,0.5881946159593056,0.1895344759254789,0.1367403117005879,0.05220223423967144,0.2147930607230316,0.6714466466378073,0.6840711401699641
353,cozy-normal-year,Normal,Normal,3143.501451131658,0.7650590402256889,0.7529598619358863,0.6580243828682509,0.8506148475037679,0.6698613860006499,0.7052710432188172,0.6018034692000332,0.8077661131415544,0.9077675533524832,0.9032518797367154,0.8254853418040737,0.9779802918276905,0.4503571257647797,0.3802429465261822,0.26202666891506277,0.482530667470412,0.3263800829431684,0.43355706525017706,0.28898330757395774,0.5849777407473139,0.18521084198974747,0.13078451912149214,0.04597871642688531,0.2082234386468659,0.6761673494584217,0.6879526086100664
354,cozy-normal-year,Normal,Normal,3898.493924069774,0.7678627489035244,0.74489715063445,0.6512566628810773,0.844451130641194,0.681870499073823,0.7007847514355806,0.5990769517707987,0.8025105707008907,0.9152687742299489,0.9015589587144635,0.8233840773130336,0.9777896329605192,0.4499922215878458,0.3836584441179643,0.266494846442113,0.4849744509871668,0.30814153664969135,0.44183098139454013,0.29682668906510706,0.5874316966647801,0.1961391718170666,0.13008110436467124,0.04605087434322779,0.20753874986872073,0.6780170817208946,0.6865681152917954
355,cozy-normal-year,Normal,Recovery,698.2199878706916,0.7723184655605847,0.7571477448642591,0.6538089584303932,0.8543339456410314,0.6953829081964933,0.7132190762768329,0.6127432755302764,0.8210144513030204,0.9154215938537313,0.905264121042963,0.8255405435055305,0.9781761274694097,0.4520000942600622,0.37989867445007286,0.26159266055173447,0.48148898128453277,0.3071588008064575,0.44219683610888133,0.3011022573887568,0.5940674640766378,0.188359706467447,0.12682211216876854,0.043633453640056136,0.2087224071308931,0.6832188821443503,0.6923874160204792
356,cozy-normal-year,Normal,Normal,4578.376700499959,0.7663460719980165,0.7669159397145485,0.6666002831292743,0.8652977011090616,0.7070421860724978,0.7124674924497983,0.6106552949076963,0.8170596162228606,0.9236373704826057,0.9042470689284519,0.8281828119271926,0.9761393282297812,0.44952396711566134,0.37396863046250206,0.2585007538837242,0.4768532210601986,0.30748674175712726,0.4330184643360061,0.2892703598430925,0.5824014767380254,0.17720209865119252,0.1282002600049257,0.04769839859101206,0.20878015053455792,0.6874574800409592,0.6916581419972272
357,cozy-normal-year,Normal,Normal,3698.0940849852686,0.7436221941141912,0.7572720709875456,0.6567761467203345,0.8561590571707086,0.7206068005522946,0.6976417853439002,0.5927580510770072,0.8008163079259816,0.9167194809490536,0.9009684184081943,0.8216153750878117,0.9740082807433634,0.439990849042507,0.3735253683725964,0.25685224910204224,0.478911578554769,0.31186529226849213,0.4356773663940431,0.2868289333362744,0.5821678186498109,0.18265151142695918,0.13081228774396184,0.051299018607021366,0.2123709527501355,0.6837861581220782,0.6855204432639361
358,cozy-normal-year,Normal,Normal,2873.9294990419544,0.7537569583192115,0.7766903323558292,0.6778346329356849,0.879249859718442,0.7229222629430209,0.7103477655438674,0.6091709907709641,0.8122636673249659,0.9251562421408283,0.9021530268752957,0.8242952685469276,0.9757000796885426,0.4350976953531329,0.3682417754255494,0.25526314638810615,0.47387254653334177,0.35990314699540193,0.4304920603146645,0.2795712544296879,0.5817736788252558,0.17667281879380892,0.12859874433126006,0.0491672594917165,0.20923321110752702,0.6929757622079935,0.6912347428546503
359,cozy-normal-year,Busy,Busy,1328.7934087600534,0.7479854781394242,0.7684742457634023,0.674091660666793,0.8631861216197297,0.7089528558272715,0.7046900952223734,0.599383515868613,0.8061747048197809,0.9392937672246925,0.9021812820615128,0.8194659513937748,0.9777940277349101,0.42412270861223744,0.37048228464824257,0.2544006937895171,0.476162577035392,0.36866159902874923,0.4286986178413258,0.28165505223643494,0.5731799218603264,0.1853905322647857,0.1298329410066192,0.04971723799525031,0.21293660273949222,0.6896077095114946,0.688384863860911
360,cozy-normal-year,Normal,Recovery,1165.2886825415962,0.7475185965505482,0.7643170487789278,0.67641963115683,0.8630929719479337,0.7136173470394019,0.7102434394308496,0.6089260316242752,0.814993834199141,0.9387507640639748,0.9057810435771295,0.8250030373071636,0.9787789856007605,0.4174548380482902,0.3730668664188573,0.2528064538415574,0.4742729254170231,0.39419132330238543,0.43426177813327643,0.2870812858484358,0.5836791167992983,0.18112097988832768,0.1236975009044952,0.04362689231480121,0.20909385575778258,0.6927495586139002,0.6913838814845734
361,cozy-normal-year,Normal,Normal,4707.046206005926,0.765185669911637,0.7632739875059242,0.6721507013394218,0.8633406750735476,0.7154300800283726,0.707916426489133,0.6051689250849804,0.811265991730375,0.9383386958703741,0.9058570331336132,0.8272577420154307,0.9799295756314003,0.418673494750944,0.37252147432463806,0.25316804708258367,0.47284820432101576,0.39401742483862956,0.43152594198713157,0.2838500728338419,0.5798873851196696,0.1902920224939904,0.12205653800202786,0.043602365680096504,0.20423091422571726,0.695559153408264,0.690405466710396
362,cozy-normal-year,Leave,Busy,513.3030089705402,0.7599241105139284,0.7522157983083209,0.6603586684168677,0.8511249307895417,0.7071094846072007,0.7130124986243377,0.6154954177684698,0.8195257431637943,0.9410027320011977,0.9112344480369399,0.8322683351785987,0.982753520012788,0.4249979139845388,0.38034758917086925,0.2529229188481744,0.46788457434556024,0.3785417567076703,0.4385542125656024,0.280177445963942,0.5786830977303776,0.1907748923893749,0.12211393273402919,0.03635976162417147,0.20459629304126534,0.6923260276809792,0.6927840423351226
363,cozy-normal-year,Leave,Leave,2994.633051162162,0.7614501743131525,0.7425815274069916,0.6529361912664968,0.842986846249994,0.701564896427267,0.7065001513898245,0.6030680474849894,0.813338109978024,0.94082528005824,0.9136776577121319,0.8376068923177812,0.9808151922382057,0.42484686541428396,0.38134754838471485,0.2547798226907918,0.46577572640970866,0.3788551626993085,0.4402041138397259,0.28940563016588694,0.5848051584130947,0.20343835232778457,0.12548540362157554,0.04003016514215291,0.2074571630139508,0.6899230426252633,0.6899147642249077
364,cozy-normal-year,Leave,Leave,4028.250693638054,0.7593268630800027,0.7351566627062461,0.6405878739563129,0.833555263400707,0.6946240685844275,0.6911599501634937,0.5884349412315678,0.7979189651333368,0.9362222885302274,0.912597852952385,0.8379886784005314,0.9784671958721172,0.42835407129364883,0.3787185197400742,0.25193003775320205,0.46476270096862343,0.39919940194865416,0.4332218247503763,0.28424794146771826,0.5823513129293502,0.20069006165092007,0.1331847897581926,0.04555626957132806,0.2169836890894666,0.6899588896627965,0.6825686423236088
365,cozy-normal-year,Recovery,Recovery,856.7973783536065,0.7762311452030488,0.7335795337804906,0.636303341697972,0.827040274396979,0.6726748343944684,0.6818576023683771,0.5850879470071826,0.7810805786325926,0.9586051279225349,0.9133418471036404,0.831644323123833,0.9785662328195712,0.4276598621881218,0.37745101706693235,0.2590844997734221,0.47169270043406675,0.4039973556056629,0.4306481114214599,0.28296790902727625,0.5965451399213235,0.2020075756181393,0.13750123976955783,0.05312735030030677,0.21721334462340028,0.6922758698245812,0.6791904171034246
